channel,address
Andrew Anglin / Daily Stormer,16JAUnuvxQ6BdfX4DwsEVTWgd3a8oitu8h
Andrew Anglin / Daily Stormer,17qJW95GecwRwHNsnskhDRNGww9eM8jeJo
Andrew Anglin / Daily Stormer,19m9yEChBSPuzCzEMmg1dNbPvdLdWA59rS
Andrew Anglin / Daily Stormer,1A1ryxZtz4LX7o1GEne9Qz49w3DFgfJaB
Andrew Anglin / Daily Stormer,1CqYxrFdT3TbKxbsfEEwV26gyYVNoKDApS
Andrew Anglin / Daily Stormer,1EcyNdRgiaL3uB5Sc5ugoYjCXxiaLpTEpz
Andrew Anglin / Daily Stormer,1F5ceXhfHzj3vTRJv5tnnpkhGfHwgKsAzW
Andrew Anglin / Daily Stormer,1Fk1u88QAorQ3YdF2MAPziJdUTDDrttyxJ
Andrew Anglin / Daily Stormer,1FQaWdrMK3yjgJJHmZxUrxLWHviqZVFMgq
Andrew Anglin / Daily Stormer,1GHwKumCqn3ifyrGT1R3tocmUCyDCaUiRo
Andrew Anglin / Daily Stormer,1JME2AMvRpdGnxudk343C1P4KLDqKDjDZq
Andrew Anglin / Daily Stormer,1MQjBMB9H4L97upjDSnfnMLhn1HkXS2uew
Andrew Anglin / Daily Stormer,1N3NYWRjmeVycnJoVf1fGEA1a2GAXnRk8h
Andrew Anglin / Daily Stormer,36hTsW2p99BygsLC4DVQ5b5wpHTZV5hTJY
Andrew Auernheimer (weev),14JdxczZkMuxCuVNCdHEdZpNfN59gdWTic
Andrew Auernheimer (weev),14LpfkJ7frucn4HT8ozdwatYbNEytxkF4W
Andrew Auernheimer (weev),14rRoy4kdMYR5teYXqm4uPzd6Z3kHDT3nN
Andrew Auernheimer (weev),15pjjfJhkR382dTULK6SqPeW83QfyoAwUm
Andrew Auernheimer (weev),17zfa5ajsfhoxo2LzFVtnyzLz9F5m3inpd
Andrew Auernheimer (weev),18iFusiYCxqFPFVRfbi5wcv3UDpFvhXBdU
Andrew Auernheimer (weev),19A7fVC36KkAp6H4ETHrc6ESJ9B7pyoUB6
Andrew Auernheimer (weev),1AYaSFzpDE7nzWMzTsUEDVVbyC5UT7uURb
Andrew Auernheimer (weev),1BLpqZVjjV6uJDyBSuZyHRicNkFmHk33wR
Andrew Auernheimer (weev),1CpePebKSf5HcfpPffFpAvMg1vBiMCGvQL
Andrew Auernheimer (weev),1Dx7CHT1r5ZT6bqVZS8pnqnv1Fpf9FmWXx
Andrew Auernheimer (weev),1EZPdnYCCauUpsiMyZ4PMhbgHe5huZfcrj
Andrew Auernheimer (weev),1FgPWcAy1jk2nLSnBWhgnY7v6aePP8GaGC
Andrew Auernheimer (weev),1FLYNjsg7WchyaECcBb11Dk1b18MGK1Qt6
Andrew Auernheimer (weev),1HoL57f4pC8quy1wMjWx3X6q4qWnKCNGDb
Andrew Auernheimer (weev),1JTeYcsx37XTq5NRgjepAHDqaLHTZUL88a
Andrew Auernheimer (weev),1KcpGpPgHUotMX1b1JEq8SBReFd4jYEBH3
Andrew Auernheimer (weev),1MHaMuKtCokQwEF3TV5REofqduZLs4K1BC
Andrew Auernheimer (weev),1MszjwuUTJrSThi3MbDMpSBQcr8bbxCfYV
Andrew Auernheimer (weev),1NBFNVVmxsxFTkxDFByjSx786rdJPpvWHZ
Andrew Auernheimer (weev),1NYL5dpYnjdn4k64yhux7aDniJwsonwj3h
Andrew Auernheimer (weev),1QGbfo42fF2o5xeNS6kTpqpEV3YfJdheam
Andrew Auernheimer (weev),35gSwyGRoEWXmqZwEXZsFnH2dKCenRd29Z
Andrew Auernheimer (weev),3AW9mm3wbqKAg9dccFXpxAKxcDkjqUQYdq
Andrew Auernheimer (weev),3Hs6HDgvgqrPcLtioMPPtQFFeRvbxrsaPn
Andrew Auernheimer (weev),3Mr6jTwfcxdQc5vfeKDtccic38se55aXU9
Andrew Auernheimer (weev),3PT8p8eLDoocoRL63NHNftUce9X4Wnfuhh
Andrew Auernheimer (weev),7f60f8e33984de18354b55dd137f72251d610848
Apollonian Germ,1FLu6XX37eTnfwNNQaxhjCywpcaLjW5v3z
Atomwaffen,35YJu6NrQybr8QEEYHFuWrkRRQwjFH8GBz
Azzmador / Robert Ray,167EzX5qfaPU2y4Ea6DmZGZ8uPuPgrgYm4
Azzmador / Robert Ray,1HdRweRho7KFhBmyQTcDyTvpEDNjYHGugH
Baked Alaska,1F3iu15DwhPRAyqJF1hMiDESRpxw8psSHk
Black Pigeon Speaks,19hd8vBKaxJqBzUmpMY5GtETAyNSehCLde
Black Pilled,17V7aUW6pWZEVTjya46UuszGPeL1D5f8T2
Black Pilled,1LayzoMH7imyJh1uwQ5fvA8BcAcJ8FZrpH
Black Pilled,1PAcbd732WbdJvtnANvJbQBvdouRNgsG2s
Black Pilled,3MfSmMkhkxmPsLW3DaqxefVzEBBDVsa4db
Blonde in the Belly of the Beast,1FYM1Pv5CTcJs6VQU3Mq9ypjgVgPeMbohK
boilingpoint,1CWkzBXUECTTF6H5rhTsBmT1g6t3udBztX
boilingpoint,36CPF8e2X1pKLj6DLsJ2Wx3XmavUQvPfpE
boilingpoint,3NMZZoFtCYDF23nLNS2dYwvN8KEe8oxtHw
Brian Brathovd/Caerulus Rex,14EsBifaUpU26VHaQmsp7BAMoUSPWdK7UU
Brian Brathovd/Caerulus Rex,17GozEVa21eiPPbs8VJ2cyuhAn7S8umxVj
Brian Brathovd/Caerulus Rex,1HmnfuCLbsERnUkbmZVv5vfWcvLHU245na
Chris Cantwell/Radical Agenda,1CfuBqpTnpjeBnDPc44mr9fh2mKLDkcGKE
Chris Cantwell/Radical Agenda,1Dxh3z7tBEW3YPtwGE2vzZpV2tjsQRmWtj
Chuck Johnson,18jN7FmMrDHXdRv9tkxq6V4gE3QVvQSX11
Cody Wilson,12R4kPeSK6i9427ctH15j2NcJ1ST1FT21C
Cody Wilson,13dNwVsBa9qiyuhXkpBtUY8AAeFf8iYpDH
Cody Wilson,13H9eTWAKBZtr9BRc1f76yLBBwpqBH5WsC
Cody Wilson,13KZR2zALzUWgRcg9GqVXeUGmePegevKcK
Cody Wilson,13wddzgm2QfdREwHUKmttdK5pcishMmWTq
Cody Wilson,16RZH7ycQC8umq7LfHS6pK2v6AieaQHeMV
Cody Wilson,17FaqRDNfp86Hj9ZpTU5pA2Bfbu69py5HM
Cody Wilson,17rHzJvHvfSRze6NgpnZFFy5K2yWyEhSXn
Cody Wilson,1AF3HZG9VpLvr375QDAivCKVsvEpUakGA7
Cody Wilson,1B1S1dfQK3f2vnqxXNX5FJaLBG7d1xFBD3
Cody Wilson,1C1eH6kMatikw6Vs1zeesXMqaLSzPQZDLA
Cody Wilson,1CppVbMfAkE2gUTFcqCYvAPKMyGpV4YWyd
Cody Wilson,1DrRiJGC7MV4TwNMrnTPSLkcGSGj62QqfB
Cody Wilson,1DuY2VqPuHYNLLcACK8PgdKrX3egCAnHxE
Cody Wilson,1Dze6ersPQfuxVQnoVx4hm6518FLKKe2Y3
Cody Wilson,1Gb5GNxrVGMT8e9uoJ8CmamrdVz9o8fAEa
Cody Wilson,1GXwhGxj7anUcAhnfsD1joo8A7KYzdgNGd
Cody Wilson,1H2Xb4Jx2DRnK9fmNrx2BzhSxEjkyKjNkh
Cody Wilson,1LDwWDntkokq3TmCeLjQxVJtbUFQ8FsAD9
Cody Wilson,1LMhDSxy6wQqYrebDzKBEq1WAypQwcKWZx
Cody Wilson,1MvSipL3XWgatXAwaQE113S3qhpg8PUP4M
Cody Wilson,1NdJ6K6ZQz7hncAJ72YUdDiDMqjeUjyjCU
Cody Wilson,1P1Z9VafREtCfdT8Ebv4ooSsYbbiB7acJ3
Cody Wilson,1PBT4XFkU3iqmksM7SXwKwwAxGmQcGQcw6
Cody Wilson,1PNwnjP18XmXxJ8VUmfCiUQGEuKm8HPtke
Cody Wilson,1QDaSD4eQ3mKWyaEM53cjMDJkvdTnPsYJX
Cosmic Claire,1JLM6GJwaPdNv4dM8K5KkcFHeziXXXMGKT
Count Dankula,15gXKdF7KdjBRQWhE5fqLDbNaUTHwieFh5
Count Dankula,18Kgfgpd1PqSiyaxdWzvz3jLaBPYeKDSyL
Counterfund / Pax Dickinson,1GJvASNmMTdZcKTxmUNeB3bKQKVG9mKuyB
Defend Evropa,18aL4gmsoLdRmWjuyi7NEVJ9tpjy3ZtP3a
Defense Distributed,32wRDBezxnazSBxMrMqLWqD1ajwEqnDnMc
Der Volkslehrer,19Q8oDiu2ZAr7DfL18oUQiVWaUvNriPCeU
DetlefF. Artist,17dUcGJq6jKWgG6qMFozdnJYsRYHVAEzsL
DP,3PsfrALruXZReEUifefL1PfVfWHAxTk5w9
Faith J Goldy,1Ej6qC5zuNAz4xhBjowxDWD9XRjzSpadVm
Fash the nation,129zaVwQsfCkg6iFmJ5Jphd7LoU7EdXfQn
Fash the nation,15tRhTQS91cwcFzQmT9pwL1iWHcAQ3Vkxy
Freie heimat,1LeebMVtXGvky19AcoYAzuZaqdEhQe6gzn
Freie heimat,1NRWc4C63jc2EBCSLStWW84wthCfsCSKNW
Freie heimat,3QM41JzLftN89BmjrcxzYTRV3N2BGGL2h8
GAB,3BVe5f74uom2DzoWUc6D3mfqM2hDQgtwsQ
GAB,3Q22SJQr7xbBmWpVbrRRnJ6u55A6Vwy6UR
Generation Identitaire,1JAWpHj7B3n1t4Xa3iQB2Bcq64v64ofz4B
German Ambassador,1Gf4kbKP7xnfJKwTs7cLQaAvpRAiTgoLGb
Goy Fund me,334g64U8yjqmQfGpbmXfHaX5gsZVSzXQjH
Grandpa Lampshade,13nY3S5QKnezh5U7th5jxsU81D9m1VzR1g
Grandpa Lampshade,3CncoC147tKa42VairqayLzmaSSVH1dDis
Greg Johnson,1ChE5DZVVZJpv8mnJ3fRrtSDrTikBh7uFL
Greg Johnson,1PcstGeiuGVsCfWZ219zgtfhTswDHL98cw
Identitaere Bewegung Deutschland,1BBSvRovKDNgLjemn5i1kLnzJrNCLjkYeV
Identity Evropa,142qxyKsYsAvGZNAruidHt2C7og369ohuA
Identity Evropa,19MXmUULHfgMwzUBiDK2XD2nHnSZTg2BR
Identity Evropa,1GH2MqiCsZwmdZfiWkF8RQ4r4ewXZGHYky
James Allsup,1BBBx4amivWENfuUmV5aCaUgkk3rEmUtSh
James Allsup,1FnVXX84ApVtyuuNfNJFN4bmyx1jkjp5dA
James Allsup,1MDsW39MNQgkzuBdXhkk31yYczvBjigkCz
James Kessler,1CncXVpab7rjBEGsy2cQ8PyCYePN6673ii
Jean-Francois Gariepy,396k84noc42w4Sq8nf3LeJUkfXs6bKXadX
Jean-Francois Gariepy,3JwneSK5AEQ8Y2sjYs3yz2PSpWxQNdpVKv
Jordan Peterson,1JDQ2Q1pP5jS8epKbCmifd5ZMoBqaGcMTH
Ken O'Keefe,185LeQJwXjQ7y8FRYaBk2EvqUu1kKhCpPk
Kevin MacDonald,1AKe1QGrQ49woUQaz39PmjUAXo7FR7M91h
Kevin Strom / National Alliance,1DK8vmeoBE3p8hzpksNuZBiRD3zPST6Xnn
Kyle Bristrow,12W3mx9wurZcZBHNdyDdccqrn26Y7f9K9T
Kyle Bristrow,1EzFuDjhpKHj6dt3HR6oaGTJdHhqRKjKDY
Lauren Chen,3K36eWWC1cBaZGFB7FK1dUuh4wKHW8j7Pz
Little Enterprises Cali,37rBNpB7xrPRB9b3YEb428evcaDTexYhoy
Mark Collett,326uEc4QyovcgT5S6mzMK8bh3SyukqPTV1
Mark Collett,3MdrC2qWpQsoR76cGYiWKofZegkJAceGMR
Martin Sellner,36w6EyF9RLqXDntGVvjfXt11bf6NgYWpwS
Matthew Drake,14EBg7fE6Bd2oFvG9ykBa6JuoGkkCqjuft
Mike Cernovich,121qBTYn6ke4Xr6mUW3vXE93DcWXG3fotY
Mike Peinovich,1QHrsNg5cPMpHyoEkbFCCNqo43qRnNNQpB
Millennial Woes,1743rc3jnBaYL3piL9eeEHqbrXrroZLVWW
Millennial Woes,1Ac1rdoSgozufd8tkgcCo82XbYiFhFreuy
Millennial Woes,1QG4k2TcmSBCpD7SYNVgbvG4tqnEcXSWmd
Morrakiu,12dHGBBsukqPhosh98oPPN6dtGoypfYxkc
Mundane Chats,1FGxTiyKZDSkphRLn1xEwNR3aaG2RYKhGQ
No White Guilt,1NtkDjLLq3tGiEWg5ZnaVD56Vy4rLfZHB7
Nordfront,1DQHohS9xUDoPt2WnABRhCCAovjVHRQv4d
Nordisk alternativhoger,3HdX4WmsRT8JbZaWvvaNJtr8ML7huydEdT
Nordiska motstandsrarelsen,1AJiMVvWvSc7eShqEvHa7mufkNne4CnhQa
notregme,13mzw4KeMyrqmYN7oLSJyisKzxVF3jiByf
OpenMind,1BTwSYqQPWvD7ZrFYevaJmLrT96KmDjcxW
Owen Benjamin,167hEgQogQyuzTFfJs8z5fc1h1eaCXSqWc
Owen Benjamin,1DiQfujiH8MzUVdStw2recGp6sfrKVptop
Palaestra Media,3LyviHpEvvg6fZ2XuC8xyRPUi2JE8pH1Gm
Paranormies,151kfokzGJmZMMdEPMz5FjvasMyWQNxwWS
Peter Brimalow / Vdare,3N1azzevDjZSjorCdLaQgBCBXZzGm7ku5R
PeterSweden,17zfhqPsEfSGspJ8BF7gL8MXoxq1Uubr1T
Poseidon,1GQQhtVEq91usC8NarNq4ZhX7u3AgEHp8t
Radio Aryan,1DUSX2dez4DJHcixzK7cwMvg1e8eYdssDi
Radio Aryan,1KdrFPMqGthVuf58VchynWbExgaP8ab3sp
Rebel Yell,17LRS9puF8sGJsThcf3YrfEw3NFuWS5WTQ
Red Ice TV,15GFG2CVA6Ftq4w7dRuug9CQCsyrpeN1XG
Red Ice TV,1As8nyiVibNzfjLiS1eCinYia2dK2ZgHiz
Red Ice TV,1BvQUrTD9MiuNXovf6i2oGiBcZyuygsDqs
Red Ice TV,1KVGWkLd5YuRxKNrVhExX8WiPCi4pGtey8
Red Ice TV,3FTzT6pRr6ZXnXQwamdSXU7kzFFuzD8uhF
Red Ice TV,3K8v2891LrWjuBPdSKHkKZmUW9vXTmMrBB
Richard Spencer,17weovvcSuHMBmQLdWTc5Lt3jEEDm2q44f
Richard Spencer,1FwNZ1XFJwtGyeNg5ijPAwaxwodwQcGGHa
Ricky Vaughn,1EoEGzzf8EP1a6khgvpwDxFKakY3nsGo2i
Right Wing Federation,141SdyMQyHHLfA3JkqGwuDdqXs8TTS6AGU
Right Wing Federation,1B42tfQ26JNSWbreoajPFYJzUHB4tWjBKv
Roosh V,15nepsskTk3yw4XXG68WRgZSvbXFN59Mh5
Schild en vrienden,3MZ4mTCaVKe8JiU4rtvffWf97CFvdD4fAb
Stan,1Agu6SAvUACzCVLT4Gbhyw7xEWDzZhzmmU
StateofNation,1T79KHN6fWfKYdURhWnS3ZZAfNfxEZGJz
Stefan Molyneux,1Fd8RuZqJNG4v56rPD1v6rgYptwnHeJRWs
Steve Franssen,13JAZ8QXRB7EA6y67nT41U4NNM31hc6xZk
Steve Franssen,1PzT6jGLbWdoVT7n4Yx46bBFtpMusYb8LZ
Stormfront,13Y1m1hEn8ffouhY1jzPRDdbTE3LxzRHUP
Stormfront,1Me6iDrrxYqm3EdFxLF8qUQ2fQ23HFwapb
Styxhexenhammer666,17q1BfF2up8orEKN8DQgpEPX83RfbAZ5QL
Super Jenn / Daily Stormer Print,1NsNmzzXtqiZ4YStnYWaEgCauWBGBs2iqB
Survive the Jive,1P8xG78uJTyTUyVheD5es9VYDvzqsz9Zmn
Tara McCarthy,1GapCyG6P2ZjSTYoNkfxgLcaHEQJSQW7cG
The Alternative Hypothesis,1F2pqZwjDbWmEuvLc293W6oJWRqTHftvM7
The Golden One,18iNCYV34jkT4bvtqCfFtYJPZsT4aVUjkd
The Rubin Report,1MjT133uzRfN6CwnkyhXZ4d2vci9vEiBAN
The Still Report,15Ucde9jSR7UezG8w4Lgk3jMhiCebc4veG
The Still Report,15WuQeDMYgpzFq4d6b16hzvXiphTU96dkm
The Still Report,18Ky2c3CgPY3eu5N7ySoM3X6NjgEAN2w4v
The Still Report,1Djt6MULErP3EbeqG5c3RvJ8856z2BMhdu
The Still Report,1LAAGYVNrdBBMDXSUsEtCTZ93azLtftDug
The Thinkery,1fYE37y6Jv9ymMnfVlezDhS1OhsVhGMtAg
Thinking-Ape,1EUDbzzs7fF7q8FucYyc8YybCUMBuefJLh
Tim Pool,13ha54MW2hYUS3q1jJhFyWdpNfdfMWtmhZ
Tim Pool,3ML3yyQivKtEfvxuEPrHQ5xA8FpkUma1Vk
tolvajkergetok,39sUpZeFospTWXfmsUtdDPLYBtJBs7Xv4X
Tommy Robinson,3MspPzwvsAwNHG2UsFMXzA6LVhHRqzajRc
Traditionalist worker party,187bWwwgpq9rUZhhypwsVoovqDe8MS5WJf
TRS Midgard,13YkmiqFxdMR1BwSm156FTAxMhYneR5Hvo
Vanguard America,1AYo6uHAiQLSoUcXQnStUVMXiSGm11FEJS
Vanguard America,1urAQVbsG1KzhpBLzNe5DrqYSDwKyigDn
White Rabbit Radio,17JDaeGa2ptPP15KDL6bnqDNwCYVZVsUy1
Truth Will Out Films,16SqkK4pMRg7YdPmwJcpUGrRe1YivdLwLQ
Lee Stormer,1GPUnuTLBSa6aDvMj7v7aAdPxHCoiweW7F
WhitePill US,38gx3XrTTytpFbYJHyq5FVoQ1HTaF9Y4Gx
Altright Truth,bc1qnevzlps8lklvefn9turcgkss7q8cmr8pl7hjtx
Reconquista Germanica,3QM41JzLftN89BmjrcxzYTRV3N2BGGL2h8
Way of the World,18gJgGSsdgX5qhKvBApq8u4BB7mgsVBFHU
Black Pigeon Speaks,1F6fUPr9fm7HHgcdUAmkCkt8PhkPDZWvjp
Atheism is unstoppable,1KEqs2wU7Dqu7uU2NLKKqvi8pJNMb3KCUv
Tommy Robinson,3CqNrgvhpr3ASt4f5ytNRtgtSL3WAjYh2P
Shoaâ€™d Videos,1KWgbChDsgLQ7mTkJfqUyDWy2oHgzZR36X
Quasir Alternative Fakten,1KeuUnGttETBok5N3vLceq72PXPw6wq4x
Computing Forever,1JyY4mSBi4tmR5QNiRi3J9Hjrtb3cta4sv
