channel,address,currency
Cosmic Claire,1JLM6GJwaPdNv4dM8K5KkcFHeziXXXMGKT,bitcoinhash
Millennial Woes,1F3iu15DwhPRAyqJF1hMiDESRpxw8psSHk,bitcoinhash
Millennial Woes,1Ac1rdoSgozufd8tkgcCo82XbYiFhFreuy,bitcoinhash
The Thinkery,182f686d2cc3817fe8154a8b5183147667,bitcoinhash
The Thinkery,1fYE37y6Jv9ymMnfVlezDhS1OhsVhGMtAg,bitcoinhash
The Thinkery,1FAIpQLSdKt9uvG6PDMzYPzZZSMcFXDLRJ,bitcoinhash
Owen Benjamin,1DiQfujiH8MzUVdStw2recGp6sfrKVptop,bitcoinhash
Owen Benjamin,167hEgQogQyuzTFfJs8z5fc1h1eaCXSqWc,bitcoinhash
Stefan Molyneux,1Fd8RuZqJNG4v56rPD1v6rgYptwnHeJRWs,bitcoinhash
Red Ice TV,3K8v2891LrWjuBPdSKHkKZmUW9vXTmMrBB,bitcoinhash
Red Ice TV,3FTzT6pRr6ZXnXQwamdSXU7kzFFuzD8uhF,bitcoinhash
Red Ice TV,1NtkDjLLq3tGiEWg5ZnaVD56Vy4rLfZHB7,bitcoinhash
Red Ice TV,15GFG2CVA6Ftq4w7dRuug9CQCsyrpeN1XG,bitcoinhash
Red Ice TV,1BvQUrTD9MiuNXovf6i2oGiBcZyuygsDqs,bitcoinhash
Red Ice TV,1As8nyiVibNzfjLiS1eCinYia2dK2ZgHiz,bitcoinhash
The Rubin Report,1MjT133uzRfN6CwnkyhXZ4d2vci9vEiBAN,bitcoinhash
notregme,13mzw4KeMyrqmYN7oLSJyisKzxVF3jiByf,bitcoinhash
Monokulttuuri FM,3DpwRE6AGJFLDNlh225F5QMaQWCtPHwdhU,bitcoinhash
Matthew Drake,396k84noc42w4Sq8nf3LeJUkfXs6bKXadX,bitcoinhash
Matthew Drake,14EBg7fE6Bd2oFvG9ykBa6JuoGkkCqjuft,bitcoinhash
Lauren Chen,3K36eWWC1cBaZGFB7FK1dUuh4wKHW8j7Pz,bitcoinhash
James Allsup,1MDsW39MNQgkzuBdXhkk31yYczvBjigkCz,bitcoinhash
James Allsup,1BBBx4amivWENfuUmV5aCaUgkk3rEmUtSh,bitcoinhash
James Allsup,1FnVXX84ApVtyuuNfNJFN4bmyx1jkjp5dA,bitcoinhash
Count Dankula,18Kgfgpd1PqSiyaxdWzvz3jLaBPYeKDSyL,bitcoinhash
Count Dankula,15gXKdF7KdjBRQWhE5fqLDbNaUTHwieFh5,bitcoinhash
JFG Livestreams,3JwneSK5AEQ8Y2sjYs3yz2PSpWxQNdpVKv,bitcoinhash
JFG Livestreams,396k84noc42w4Sq8nf3LeJUkfXs6bKXadX,bitcoinhash
JFG Livestreams,1TtXMlhYhZJ8MTUzMDQwNjYwMUAxNTMwMz,bitcoinhash
Lauren Southern,1JLM6GJwaPdNv4dM8K5KkcFHeziXXXMGKT,bitcoinhash
Survive the Jive,1P8xG78uJTyTUyVheD5es9VYDvzqsz9Zmn,bitcoinhash
FREIE-HEIMAT,1BBSvRovKDNgLjemn5i1kLnzJrNCLjkYeV,bitcoinhash
FREIE-HEIMAT,3QM41JzLftN89BmjrcxzYTRV3N2BGGL2h8,bitcoinhash
FREIE-HEIMAT,1LeebMVtXGvky19AcoYAzuZaqdEhQe6gzn,bitcoinhash
FREIE-HEIMAT,1NRWc4C63jc2EBCSLStWW84wthCfsCSKNW,bitcoinhash
Der Volkslehrer,19Q8oDiu2ZAr7DfL18oUQiVWaUvNriPCeU,bitcoinhash
Jean-Francois GariÃ©py,3JwneSK5AEQ8Y2sjYs3yz2PSpWxQNdpVKv,bitcoinhash
Steve Franssen,1PzT6jGLbWdoVT7n4Yx46bBFtpMusYb8LZ,bitcoinhash
Steve Franssen,13JAZ8QXRB7EA6y67nT41U4NNM31hc6xZk,bitcoinhash
The Alternative Hypothesis,1F2pqZwjDbWmEuvLc293W6oJWRqTHftvM7,bitcoinhash
Black Pigeon Speaks,19hd8vBKaxJqBzUmpMY5GtETAyNSehCLde,bitcoinhash
PeterSweden,17zfhqPsEfSGspJ8BF7gL8MXoxq1Uubr1T,bitcoinhash
inmendham,1SJqofvdz7Zr5PtMTNm7BK6m21SOAL6DCx,bitcoinhash
inmendham,1f8e263663d3faee8d1e83f46a36995b38,bitcoinhash
securefreedom,17NcetqZIoPrNgx3ksAI2ONB2vZYyvSrlG,bitcoinhash
Tim Pool,13ha54MW2hYUS3q1jJhFyWdpNfdfMWtmhZ,bitcoinhash
Tim Pool,3ML3yyQivKtEfvxuEPrHQ5xA8FpkUma1Vk,bitcoinhash
Styxhexenhammer666,17q1BfF2up8orEKN8DQgpEPX83RfbAZ5QL,bitcoinhash
OpenMind,1BTwSYqQPWvD7ZrFYevaJmLrT96KmDjcxW,bitcoinhash
RobinHoodUKIP,1KfGnArQrA9pf3oW13ADmF6h62xBoCysLw,bitcoinhash
Timcast,13ha54MW2hYUS3q1jJhFyWdpNfdfMWtmhZ,bitcoinhash
Mark Collett,3MdrC2qWpQsoR76cGYiWKofZegkJAceGMR,bitcoinhash
Mark Collett,326uEc4QyovcgT5S6mzMK8bh3SyukqPTV1,bitcoinhash
Martin Sellner GI,36w6EyF9RLqXDntGVvjfXt11bf6NgYWpwS,bitcoinhash
No White Guilt,396k84noc42w4Sq8nf3LeJUkfXs6bKXadX,bitcoinhash
No White Guilt,1NtkDjLLq3tGiEWg5ZnaVD56Vy4rLfZHB7,bitcoinhash
Nordisk alternativhÃ¶ger,3HdX4WmsRT8JbZaWvvaNJtr8ML7huydEdT,bitcoinhash
Blonde in the Belly of the Beast,1FYM1Pv5CTcJs6VQU3Mq9ypjgVgPeMbohK,bitcoinhash
Apollonian Germ,1FLu6XX37eTnfwNNQaxhjCywpcaLjW5v3z,bitcoinhash
Black Pilled,3MfSmMkhkxmPsLW3DaqxefVzEBBDVsa4db,bitcoinhash
Black Pilled,1PAcbd732WbdJvtnANvJbQBvdouRNgsG2s,bitcoinhash
Black Pilled,17V7aUW6pWZEVTjya46UuszGPeL1D5f8T2,bitcoinhash
Black Pilled,1LayzoMH7imyJh1uwQ5fvA8BcAcJ8FZrpH,bitcoinhash
Mike Cernovich,121qBTYn6ke4Xr6mUW3vXE93DcWXG3fotY,bitcoinhash
DetlefF. Artist,17dUcGJq6jKWgG6qMFozdnJYsRYHVAEzsL,bitcoinhash
Laut Gedacht,3K79hED5pGMLdiQRFX7oqgQoA4BuTTf8bF,bitcoinhash
T Ð¯ U Î£ Ã I L T O M,36a21vdUJfeVZENUNJQ1lPOGZUYXo1UWRj,bitcoinhash
tolvajkergetok,39sUpZeFospTWXfmsUtdDPLYBtJBs7Xv4X,bitcoinhash
Mundane Chats,1FGxTiyKZDSkphRLn1xEwNR3aaG2RYKhGQ,bitcoinhash
~ C Y B E R N Î Z I ~,35YJu6NrQybr8QEEYHFuWrkRRQwjFH8GBz,bitcoinhash
Morrakiu,12dHGBBsukqPhosh98oPPN6dtGoypfYxkc,bitcoinhash
Defense Distributed,32wRDBezxnazSBxMrMqLWqD1ajwEqnDnMc,bitcoinhash
Little Enterprises Cali,37rBNpB7xrPRB9b3YEb428evcaDTexYhoy,bitcoinhash
Volksdeutscher,12ZWoX9QntzpxIphm8EuvVrE2daQdRbq2D,bitcoinhash
Identitaere Berlin-Brandenburg,1BBSvRovKDNgLjemn5i1kLnzJrNCLjkYeV,bitcoinhash
Sprachenrassist,3QM41JzLftN89BmjrcxzYTRV3N2BGGL2h8,bitcoinhash
NPDFraktionVG,1Kg1HauCWqBZo5Ok8KnyJbxIWsBSq4Rk4T,bitcoinhash
Baked Alaska,1F3iu15DwhPRAyqJF1hMiDESRpxw8psSHk,bitcoinhash
German Ambassador,1Gf4kbKP7xnfJKwTs7cLQaAvpRAiTgoLGb,bitcoinhash
POSEIDON,1GQQhtVEq91usC8NarNq4ZhX7u3AgEHp8t,bitcoinhash
Tyrant Fashister,12dHGBBsukqPhosh98oPPN6dtGoypfYxkc,bitcoinhash
Tyrant Fashister,12X2cZMb83dyHHSuMjAVhGjamMDfwEAMXc,bitcoinhash
Ministry of Defence,3duZXI9NTA3MDAwMCZvd25lcnR5cGU9ZmF,bitcoinhash
Thinking-Ape,1EUDbzzs7fF7q8FucYyc8YybCUMBuefJLh,bitcoinhash
Thinking-Ape,1F6KpDhMR1nVfN8MTM4NjYxOTcwMUAxMzg,bitcoinhash
Thinking-Ape,3ELSMsXA7N3GEArLpsGl8MTM4NjYxOTk1N,bitcoinhash
Right Wing Federation,141SdyMQyHHLfA3JkqGwuDdqXs8TTS6AGU,bitcoinhash
Right Wing Federation,1B42tfQ26JNSWbreoajPFYJzUHB4tWjBKv,bitcoinhash
Hagens HirnTicker,1LeebMVtXGvky19AcoYAzuZaqdEhQe6gzn,bitcoinhash
Palaestra Media,3LyviHpEvvg6fZ2XuC8xyRPUi2JE8pH1Gm,bitcoinhash
This is Europa,12J4HdUgUjFqjwJpVUZRZQ5D1Af9Pwd9B8,bitcoinhash
This is Europa,18DRopi2qVmPqpEDXHbaXNiK8GnrwoJwMZ,bitcoinhash
Faith J Goldy,1Ej6qC5zuNAz4xhBjowxDWD9XRjzSpadVm,bitcoinhash
Samuel Andreyev,34hUDmRgcoePM7YDFQMkfjpH61ohd7FBeW,bitcoinhash
Martin Sellner Streams,36w6EyF9RLqXDntGVvjfXt11bf6NgYWpwS,bitcoinhash
Tommy Robinson,3MspPzwvsAwNHG2UsFMXzA6LVhHRqzajRc,bitcoinhash
Sean Last,3uMXgieZLp8MTUzMTk5NDIwMEAxNTMxOTA,bitcoinhash
boilingpoint,36CPF8e2X1pKLj6DLsJ2Wx3XmavUQvPfpE,bitcoinhash
boilingpoint,3NMZZoFtCYDF23nLNS2dYwvN8KEe8oxtHw,bitcoinhash
boilingpoint,1CWkzBXUECTTF6H5rhTsBmT1g6t3udBztX,bitcoinhash
r v K Today,1Fd8RuZqJNG4v56rPD1v6rgYptwnHeJRWs,bitcoinhash
IdentitÃ¤re Bewegung Deutschland,1BBSvRovKDNgLjemn5i1kLnzJrNCLjkYeV,bitcoinhash
Stan,1Agu6SAvUACzCVLT4Gbhyw7xEWDzZhzmmU,bitcoinhash
Stan,1FYM1Pv5CTcJs6VQU3Mq9ypjgVgPeMbohK,bitcoinhash
Hagen Grell,1LeebMVtXGvky19AcoYAzuZaqdEhQe6gzn,bitcoinhash
Political Channel,3b73n9LVAhVDfRoKHT1lBcgQ8wIIpQIwAA,bitcoinhash
RockingMrE,31QgpNN5coJJW2VzCnwYU4KqIBReNvwRnF,bitcoinhash
Nordiska motstÃ¥ndsrÃ¶relsen,1AJiMVvWvSc7eShqEvHa7mufkNne4CnhQa,bitcoinhash
Ken O'Keefe,185LeQJwXjQ7y8FRYaBk2EvqUu1kKhCpPk,bitcoinhash
The Still Report,18Ky2c3CgPY3eu5N7ySoM3X6NjgEAN2w4v,bitcoinhash
The Still Report,1LAAGYVNrdBBMDXSUsEtCTZ93azLtftDug,bitcoinhash
The Still Report,15WuQeDMYgpzFq4d6b16hzvXiphTU96dkm,bitcoinhash
The Still Report,15Ucde9jSR7UezG8w4Lgk3jMhiCebc4veG,bitcoinhash
The Still Report,1Djt6MULErP3EbeqG5c3RvJ8856z2BMhdu,bitcoinhash
Roosh V,15nepsskTk3yw4XXG68WRgZSvbXFN59Mh5,bitcoinhash
Cosmic Claire,1JLM6GJwaPdNv4dM8K5KkcFHeziXXXMGKT,bitcoin
Cosmic Claire,12bjxrynkz4hpcdb23txrqhxwnmcx5ap,bitcoin
Dr. Steve Turley,13fjruwmsyqdlaud22thr45glubsbxyc,bitcoin
Paul Joseph Watson,36ed25456287227b3e431e5e9f937b,bitcoin
Millennial Woes,1F3iu15DwhPRAyqJF1hMiDESRpxw8psSHk,bitcoin
Millennial Woes,1Ac1rdoSgozufd8tkgcCo82XbYiFhFreuy,bitcoin
Millennial Woes,3ZZmFYGW7BYgz4JTFnGisdtJFc,bitcoin
Millennial Woes,3ZZmFLx5YKSr2muEzPT2GfLlnx,bitcoin
The Thinkery,182f686d2cc3817fe8154a8b51831476671,bitcoin
The Thinkery,1fYE37y6Jv9ymMnfVlezDhS1OhsVhGMtAg7,bitcoin
The Thinkery,1MjA3NzoyMDczMjM3NDYyOTI3Nzk5,bitcoin
The Thinkery,1FAIpQLSdKt9uvG6PDMzYPzZZSMcFXDLRJM,bitcoin
Owen Benjamin,1DiQfujiH8MzUVdStw2recGp6sfrKVptop,bitcoin
Owen Benjamin,167hEgQogQyuzTFfJs8z5fc1h1eaCXSqWc,bitcoin
Stefan Molyneux,17837af16492b81e1f3fff913e3e5,bitcoin
Stefan Molyneux,1Hh27h4Bu6rS8AKAYrMEoIY3rqbO8r,bitcoin
Stefan Molyneux,1Fd8RuZqJNG4v56rPD1v6rgYptwnHeJRWs,bitcoin
Red Ice TV,3K8v2891LrWjuBPdSKHkKZmUW9vXTmMrBB,bitcoin
Red Ice TV,3FTzT6pRr6ZXnXQwamdSXU7kzFFuzD8uhF,bitcoin
Red Ice TV,1NtkDjLLq3tGiEWg5ZnaVD56Vy4rLfZHB7,bitcoin
Red Ice TV,15GFG2CVA6Ftq4w7dRuug9CQCsyrpeN1XG,bitcoin
Red Ice TV,1BvQUrTD9MiuNXovf6i2oGiBcZyuygsDqs,bitcoin
Red Ice TV,1As8nyiVibNzfjLiS1eCinYia2dK2ZgHiz,bitcoin
The Rubin Report,1MjT133uzRfN6CwnkyhXZ4d2vci9vEiBAN,bitcoin
notregme,13mzw4KeMyrqmYN7oLSJyisKzxVF3jiByf,bitcoin
Oesterreichzuerst,1f495f883f7c2c19c5b2c7bea4b2adf,bitcoin
FPÃ TV,3vjq9SrSOu6vCe6cIveZ1hKFKkxQ4ax,bitcoin
FPÃ TV,3vjq9SrSOtrge5qQsc9k21eGimPNt9N,bitcoin
FPÃ TV,3vjq9SrSOtpH2l4jaJVAMSX4Lce,bitcoin
Monokulttuuri FM,3DpwRE6AGJFLDNlh225F5QMaQWCtPHwdhUf,bitcoin
Valid Thought,1aokgctesktjyv4w5loxcqmlrk,bitcoin
Analytical Chick,3CD15552F1642EEAFC4371E932D9BE4,bitcoin
Pat Condell,15e6e5ceb49d794e7e775e87b8339,bitcoin
Pat Condell,3fLpJLZE3qob6VoJIXUqbJQD9F,bitcoin
Matthew Drake,396k84noc42w4Sq8nf3LeJUkfXs6bKXadX,bitcoin
Matthew Drake,14EBg7fE6Bd2oFvG9ykBa6JuoGkkCqjuft,bitcoin
Lauren Chen,3K36eWWC1cBaZGFB7FK1dUuh4wKHW8j7Pz,bitcoin
Aydin Paladin,3UDRxjaCQItBBGmlSkVaEb4dJodnIzYj8,bitcoin
James Allsup,1MDsW39MNQgkzuBdXhkk31yYczvBjigkCz,bitcoin
James Allsup,1BBBx4amivWENfuUmV5aCaUgkk3rEmUtSh,bitcoin
James Allsup,1FAIpQLSdHBZ2gZLOE72pbAaELkZc,bitcoin
James Allsup,1FnVXX84ApVtyuuNfNJFN4bmyx1jkjp5dA,bitcoin
Count Dankula,18Kgfgpd1PqSiyaxdWzvz3jLaBPYeKDSyL,bitcoin
Count Dankula,15gXKdF7KdjBRQWhE5fqLDbNaUTHwieFh5,bitcoin
JFG Livestreams,3JwneSK5AEQ8Y2sjYs3yz2PSpWxQNdpVKv,bitcoin
JFG Livestreams,396k84noc42w4Sq8nf3LeJUkfXs6bKXadX,bitcoin
JFG Livestreams,1TtXMlhYhZJ8MTUzMDQwNjYwMUAxNTMwMzI,bitcoin
Virginia Vota,3OLauZkXVbRjGUKS5MHxsJfJQLLym,bitcoin
Virginia Vota,174E2F1E31E8F41123D29E61F738135C,bitcoin
Lauren Southern,1JLM6GJwaPdNv4dM8K5KkcFHeziXXXMGKT,bitcoin
Survive the Jive,1P8xG78uJTyTUyVheD5es9VYDvzqsz9Zmn,bitcoin
FREIE-HEIMAT,1BBSvRovKDNgLjemn5i1kLnzJrNCLjkYeV,bitcoin
FREIE-HEIMAT,3QM41JzLftN89BmjrcxzYTRV3N2BGGL2h8,bitcoin
FREIE-HEIMAT,1LeebMVtXGvky19AcoYAzuZaqdEhQe6gzn,bitcoin
FREIE-HEIMAT,1NRWc4C63jc2EBCSLStWW84wthCfsCSKNW,bitcoin
Der Volkslehrer,19Q8oDiu2ZAr7DfL18oUQiVWaUvNriPCeU,bitcoin
Jean-Francois GariÃ©py,3JwneSK5AEQ8Y2sjYs3yz2PSpWxQNdpVKv,bitcoin
Jean-Francois GariÃ©py,3b8717862a8d7a43f2eaf95df91fec8b,bitcoin
Steve Franssen,33yrjXnCxv29jkCgrUbdypo7oquoDe,bitcoin
Steve Franssen,13JAZ8QXRB7EA6y67nT41U4NNM31hc6xZk,bitcoin
Steve Franssen,13JAZ8QXRB7EA6y67nT41U4NNM31hc,bitcoin
The Alternative Hypothesis,1F2pqZwjDbWmEuvLc293W6oJWRqTHftvM7,bitcoin
The Alternative Hypothesis,3VAhVixFQKHYllC3UQ6AEIMjAC,bitcoin
The Alternative Hypothesis,19672f8636d65c8d2164a451a85575,bitcoin
Black Pigeon Speaks,19hd8vBKaxJqBzUmpMY5GtETAyNSehCLde,bitcoin
PeterSweden,17zfhqPsEfSGspJ8BF7gL8MXoxq1Uubr1T,bitcoin
Julie Borowski,1gIVBwxpCh1jqgj3EAAYASAAEgK8uvD,bitcoin
inmendham,1SJqofvdz7Zr5PtMTNm7BK6m21SOAL6DCx1,bitcoin
inmendham,17zjoxeiJddgEte83Up3q795U2sRU,bitcoin
inmendham,1ncGVOcflmVhfeJZcDijrXLUnChh,bitcoin
inmendham,3dDfFnqmLkb7B8doIjE9YqQK4A,bitcoin
inmendham,1f8e263663d3faee8d1e83f46a36995b385,bitcoin
securefreedom,17NcetqZIoPrNgx3ksAI2ONB2vZYyvSrlGl,bitcoin
Robert Scoble,1bGwsMSwyLDIwMywiY29tLmFueWRvIl,bitcoin
misesmedia,3vmki7pz7jxond4x7qx5dfjv7y,bitcoin
Tim Pool,13ha54MW2hYUS3q1jJhFyWdpNfdfMWtmhZ,bitcoin
Tim Pool,3ML3yyQivKtEfvxuEPrHQ5xA8FpkUma1Vk,bitcoin
Styxhexenhammer666,17q1BfF2up8orEKN8DQgpEPX83RfbAZ5QL,bitcoin
OpenMind,17837af16492b81e1f3fff913e3e5,bitcoin
OpenMind,12W9dPpEvlI8emxKz2qcVGEMlff2ZTED,bitcoin
OpenMind,3d8MTUxNTI2NDIzMEAxNTE1MTc3ODMw,bitcoin
OpenMind,1BTwSYqQPWvD7ZrFYevaJmLrT96KmDjcxW,bitcoin
OpenMind,3GlobalMonthlyTempSince1979,bitcoin
OpenMind,1984arkansasmotheroftheyear,bitcoin
Argent,1jd6g7Ic7KVQ4aBS8z1bYhITGgl,bitcoin
Argent,1pYLI1RZrXvHGCJQECkeXXu4mFAnyMkjz,bitcoin
Argent,1R24ZXjaIJb2tUQ8BNOJ8Uy1dE6dDhdh,bitcoin
Argent,1Q6BuvQQe96nb9b2CyuLsRjdOm1wEt9YN,bitcoin
Argent,14QiQGTmYIxI84RxQXuymLHIWk88,bitcoin
Argent,1lPjUiXqJ4bxh5vqr1DIbKZr5LxFNBXQs,bitcoin
Argent,1OfZqQc9M344dRUmLTMrTFofwZig9uS6z,bitcoin
Argent,1wDp8c6TpeMgwgFoI8nmhU7LhlBk3yjbp,bitcoin
Argent,1eln3gytYl9cBOVIfEmiIaYs7K2RBmStq,bitcoin
Argent,3a46c33112ae31f4e5764649d2f,bitcoin
MISTERWONKA7,1qpjjrrBEDRheROQf4oDoo2BvDwGhA29,bitcoin
Sargon of Akkad,3NCEi9fMAhVJPxQKHY97DlgQ6AEIHDAA,bitcoin
Sargon of Akkad,163EEE3ABC4153DFB166838A639EDE,bitcoin
RobinHoodUKIP,3YCgpdbCtmYSJABqHRVwdrBl4uka,bitcoin
Timcast,13ha54MW2hYUS3q1jJhFyWdpNfdfMWtmhZ,bitcoin
Insoumis Jules Ngan,18MTUzNjc3MjEyMkAxNTM2Njg1NzIy,bitcoin
Jordan B Peterson,3VaeABQCfQy9Yg2y8fi5cI8HYUUct,bitcoin
Mark Collett,3MdrC2qWpQsoR76cGYiWKofZegkJAceGMR,bitcoin
Mark Collett,326uEc4QyovcgT5S6mzMK8bh3SyukqPTV1,bitcoin
Mark Collett,3cctZ95PDYZTnRjSUd5VUtRR2c,bitcoin
Martin Sellner GI,36w6EyF9RLqXDntGVvjfXt11bf6NgYWpwS,bitcoin
Batavieren Podcast,1WE5MUDFINTdFNWVNRGg4Q3pXUnlLdkpR,bitcoin
No White Guilt,396k84noc42w4Sq8nf3LeJUkfXs6bKXadX,bitcoin
No White Guilt,1NtkDjLLq3tGiEWg5ZnaVD56Vy4rLfZHB7,bitcoin
Nordisk alternativhÃ¶ger,3HdX4WmsRT8JbZaWvvaNJtr8ML7huydEdT,bitcoin
Blonde in the Belly of the Beast,1FYM1Pv5CTcJs6VQU3Mq9ypjgVgPeMbohK,bitcoin
Apollonian Germ,1FLu6XX37eTnfwNNQaxhjCywpcaLjW5v3z,bitcoin
Black Pilled,3MfSmMkhkxmPsLW3DaqxefVzEBBDVsa4db,bitcoin
Black Pilled,1PAcbd732WbdJvtnANvJbQBvdouRNgsG2s,bitcoin
Black Pilled,17V7aUW6pWZEVTjya46UuszGPeL1D5f8T2,bitcoin
Black Pilled,1LayzoMH7imyJh1uwQ5fvA8BcAcJ8FZrpH,bitcoin
Mike Cernovich,121qBTYn6ke4Xr6mUW3vXE93DcWXG3fotY,bitcoin
DetlefF. Artist,17dUcGJq6jKWgG6qMFozdnJYsRYHVAEzsL,bitcoin
Laut Gedacht,1aYiEjGjgXGG5bIauLmPyNGiiPc7C1lz6,bitcoin
T Ð¯ U Î£ Ã I L T O M,36a21vdUJfeVZENUNJQ1lPOGZUYXo1UWRjZ,bitcoin
T Ð¯ U Î£ Ã I L T O M,1po7r2BmxLacAieQyrTMfgk9unFISmAf,bitcoin
tolvajkergetok,39sUpZeFospTWXfmsUtdDPLYBtJBs7Xv4X,bitcoin
Politiekman,1defd313cd5f8fee22cd719f6be47ce4,bitcoin
Mundane Chats,1FGxTiyKZDSkphRLn1xEwNR3aaG2RYKhGQ,bitcoin
MindMastery,17nwNwV22kpgTaw9QLYR8Ju7UC4,bitcoin
~ C Y B E R N Î Z I ~,35YJu6NrQybr8QEEYHFuWrkRRQwjFH8GBz,bitcoin
Morrakiu,12dHGBBsukqPhosh98oPPN6dtGoypfYxkc,bitcoin
Defense Distributed,32wRDBezxnazSBxMrMqLWqD1ajwEqnDnMc,bitcoin
Little Enterprises Cali,37rBNpB7xrPRB9b3YEb428evcaDTexYhoy,bitcoin
Volksdeutscher,12ZWoX9QntzpxIphm8EuvVrE2daQdRbq2Db,bitcoin
Identitaere Berlin-Brandenburg,1BBSvRovKDNgLjemn5i1kLnzJrNCLjkYeV,bitcoin
Sprachenrassist,1b2d83cbf895de13258eb7853e7c,bitcoin
Sprachenrassist,3QM41JzLftN89BmjrcxzYTRV3N2BGGL2h8,bitcoin
NPDFraktionVG,1Kg1HauCWqBZo5Ok8KnyJbxIWsBSq4Rk4Te,bitcoin
Baked Alaska,1F3iu15DwhPRAyqJF1hMiDESRpxw8psSHk,bitcoin
German Ambassador,1Gf4kbKP7xnfJKwTs7cLQaAvpRAiTgoLGb,bitcoin
POSEIDON,1GQQhtVEq91usC8NarNq4ZhX7u3AgEHp8t,bitcoin
Tyrant Fashister,12dHGBBsukqPhosh98oPPN6dtGoypfYxkc,bitcoin
Tyrant Fashister,3FMepCk7453da8wfSCphkRdEFKB,bitcoin
Immortal Ideas,3lot1BuC3YkOHjdasRgQxdXoG68,bitcoin
Ministry of Defence,3duZXI9NTA3MDAwMCZvd25lcnR5cGU9ZmFp,bitcoin
Thinking-Ape,1EUDbzzs7fF7q8FucYyc8YybCUMBuefJLh,bitcoin
Thinking-Ape,1EUDbzzs7fF7q8FucYyc8YybCUMBuefJ,bitcoin
Thinking-Ape,1F6KpDhMR1nVfN8MTM4NjYxOTcwMUAxMzg2,bitcoin
Thinking-Ape,3ELSMsXA7N3GEArLpsGl8MTM4NjYxOTk1N,bitcoin
Right Wing Federation,141SdyMQyHHLfA3JkqGwuDdqXs8TTS6AGU,bitcoin
Right Wing Federation,1B42tfQ26JNSWbreoajPFYJzUHB4tWjBKv,bitcoin
#TommyIsFree TOMMY ROBINSON NEWS,1piVm9KUWV8MXlOR2FYTndacm5LasfAHs,bitcoin
Hagens HirnTicker,1LeebMVtXGvky19AcoYAzuZaqdEhQe6gzn,bitcoin
Hagens HirnTicker,1BT4P9TN3xZQXctS2VONnU5dVU,bitcoin
Palaestra Media,3LyviHpEvvg6fZ2XuC8xyRPUi2JE8pH1Gm,bitcoin
Identitet Svea,3cBRAyEiwAzOxKsmspOQJFYlH8iplz,bitcoin
This is Europa,12J4HdUgUjFqjwJpVUZRZQ5D1Af9Pwd9B8,bitcoin
This is Europa,18DRopi2qVmPqpEDXHbaXNiK8GnrwoJwMZ,bitcoin
Nephanor,3WMsx1q3BAZh3XsK1cSwCiaqjSulc,bitcoin
Faith J Goldy,1Ej6qC5zuNAz4xhBjowxDWD9XRjzSpadVm,bitcoin
StateofNation,1T79KHN6fWfKYdURhWnS3ZZAfNfxEZGJz,bitcoin
Samuel Andreyev,34hUDmRgcoePM7YDFQMkfjpH61ohd7FBeWC,bitcoin
Martin Sellner Streams,36w6EyF9RLqXDntGVvjfXt11bf6NgYWpwS,bitcoin
Tommy Robinson,3MspPzwvsAwNHG2UsFMXzA6LVhHRqzajRc,bitcoin
Sean Last,3uMXgieZLp8MTUzMTk5NDIwMEAxNTMxOTA3,bitcoin
boilingpoint,36CPF8e2X1pKLj6DLsJ2Wx3XmavUQvPfpE,bitcoin
boilingpoint,3NMZZoFtCYDF23nLNS2dYwvN8KEe8oxtHw,bitcoin
boilingpoint,1CWkzBXUECTTF6H5rhTsBmT1g6t3udBztX,bitcoin
r v K Today,1Fd8RuZqJNG4v56rPD1v6rgYptwnHeJRWs,bitcoin
IdentitÃ¤re Bewegung Deutschland,1BBSvRovKDNgLjemn5i1kLnzJrNCLjkYeV,bitcoin
Deutscher AufklÃ¤rer,12d774a4dd1d46ad461ea7aaad8ba485,bitcoin
Stan,1Agu6SAvUACzCVLT4Gbhyw7xEWDzZhzmmU,bitcoin
Stan,1FYM1Pv5CTcJs6VQU3Mq9ypjgVgPeMbohK,bitcoin
Hagen Grell,1LeebMVtXGvky19AcoYAzuZaqdEhQe6gzn,bitcoin
Political Channel,3ee3ac47a27f17792a69316a6e7a3c,bitcoin
Political Channel,3b73n9LVAhVDfRoKHT1lBcgQ8wIIpQIwAA,bitcoin
orlared,15Z2b3N5sxfbaelxm3mCwR6KnhQ1,bitcoin
orlared,1b22d758379d23d44c49d292c7d8,bitcoin
RockingMrE,31QgpNN5coJJW2VzCnwYU4KqIBReNvwRnFI,bitcoin
Siim Land,1731def1a1b516fa188bd45eaec249b,bitcoin
Siim Land,12b66a5128138bbe166b4f6c4d1db,bitcoin
Nordiska motstÃ¥ndsrÃ¶relsen,1AJiMVvWvSc7eShqEvHa7mufkNne4CnhQa,bitcoin
Ken O'Keefe,185LeQJwXjQ7y8FRYaBk2EvqUu1kKhCpPk,bitcoin
The Still Report,18Ky2c3CgPY3eu5N7ySoM3X6NjgEAN2w4v,bitcoin
The Still Report,1LAAGYVNrdBBMDXSUsEtCTZ93azLtftDug,bitcoin
The Still Report,15WuQeDMYgpzFq4d6b16hzvXiphTU96dkm,bitcoin
The Still Report,15Ucde9jSR7UezG8w4Lgk3jMhiCebc4veG,bitcoin
The Still Report,1Djt6MULErP3EbeqG5c3RvJ8856z2BMhdu,bitcoin
Roosh V,15nepsskTk3yw4XXG68WRgZSvbXFN59Mh5,bitcoin
The Thinkery,AwNzI0Njk1MjA3NzoyMDczMjM3NDYyOTI3,neocoin
The Thinkery,ationandmigrationestimatesapril201,neocoin
The Thinkery,AIpQLSdKt9uvG6PDMzYPzZZSMcFXDLRJMu,neocoin
The Thinkery,ARQlNRga9W5Q07rgE8jSKeD2kJQfQrRY7i,neocoin
Red Ice TV,a0F323F58412eBfe086055831655A1c0D9,neocoin
Oesterreichzuerst,andsmusterfeststellungsklagegesetz,neocoin
Oesterreichzuerst,andsfinanzierungsgesellschaftenges,neocoin
Oesterreichzuerst,ahlungsbilanzstabilisierungsgesetz,neocoin
EuropeanWatchman2,amPierceAudioArchive308RadioBroadc,neocoin
Monokulttuuri FM,albIvdbG4DgoyJE0987bfEchWVSnKKGarp,neocoin
Valid Thought,acdp435d1mtxndrbmes5vwbg51w03c010c,neocoin
Valid Thought,argd5doacdp430a4lekzivwmjof1ctdrxw,neocoin
Valid Thought,acdp43bofogjzxf2rrrrlztiklw03c010c,neocoin
Valid Thought,akna0d3u4504t1aokgpwlsl3fnizjcemb0,neocoin
Valid Thought,acdp435fnkirulj3xi3sqwr3llw03c010c,neocoin
Valid Thought,applf5vjzxm04t1aokgpc1pa1m1t2qmbq0,neocoin
Valid Thought,acdp4304wgpcdqz3omyxvjmh45w03c010c,neocoin
Pat Condell,ALeqM5irDk4IKFpmvRfl9fMCE2VwabyFrw,neocoin
Pat Condell,ALeqM5jFuaD3fLpJLZE3qob6VoJIXUqbJQ,neocoin
Pat Condell,ALeqM5iRHXSIoJJdXQpG3kPrRO2LWMnWTA,neocoin
Aydin Paladin,aqoEDKWHTh8HwrD00U5rmw7UjyIc7qYuaJ,neocoin
The Iconoclast,ahUKEwjKv5bi8o3XAhUDmBoKHYCpCOsQFg,neocoin
James Allsup,ARB4rIyLoAq3tJbfSoCsBN2QqDke5CTnxI,neocoin
JFG Livestreams,A0td1TtXMlhYhZJ8MTUzMDQwNjYwMUAxNT,neocoin
JFG Livestreams,aWhzOWU4YWlxbGlvYWplZ2NAZ3JvdXAuY2,neocoin
Der Volkslehrer,AntragDIELINKEAbberufungDrScharfRa,neocoin
Jean-Francois GariÃ©py,aWhzOWU4YWlxbGlvYWplZ2NAZ3JvdXAuY2,neocoin
The Alternative Hypothesis,ahUKEwiiiLKfsrzXAhVV8WMKHTooD0QQ6A,neocoin
The Alternative Hypothesis,acdp435oyvii0nsmaxiihjv341w03c010c,neocoin
The Alternative Hypothesis,acdp43331hou3kklu5jgqdbb4xw03c010c,neocoin
The Alternative Hypothesis,ahUKEwijipz94d3VAhVixFQKHYllC3UQ6A,neocoin
The Alternative Hypothesis,ahUKEwiLvfmXypbOAhWCRiYKHQBDAjIQ6A,neocoin
The Alternative Hypothesis,ahUKEwiI1bqElabNAhVEJlIKHambBy0QFg,neocoin
The Alternative Hypothesis,americaninstitutetechnologyscience,neocoin
PeterSweden,a95e8B35c332D98C0aD78df3381CB83eF6,neocoin
Julie Borowski,AIaIQobChMI7fXdvIqC1gIVBwxpCh1jqgj,neocoin
Julie Borowski,ahahahhaahahahahhahahahhahahhahahh,neocoin
inmendham,ABq7bJqE7UswCueYYIofdoQHpjy1GFVptM,neocoin
Styxhexenhammer666,aF6706C3b5E2cf7e15c16c7018c4f42aF7,neocoin
OpenMind,aDx6yxBJP3d8MTUxNTI2NDIzMEAxNTE1MT,neocoin
OpenMind,aXRM2pGA58MTUwNzU0MDgzMEAxNTA3NDU0,neocoin
OpenMind,aj35rg0tcDIU6DSk18MTUwNTczNzkwN0Ax,neocoin
Sargon of Akkad,ARR2DwBa9vejMWs02uRQeh2EVkcZA8NKMT,neocoin
Sargon of Akkad,ahUKEwiX3NCEi9fMAhVJPxQKHY97DlgQ6A,neocoin
Sargon of Akkad,AEwAGoVChMIktKamc6mxwIVJSvbCh056AO,neocoin
Sargon of Akkad,alecelebritiesreceivemoreabuseontw,neocoin
RobinHoodUKIP,AiAvPGxBRCH3YCgpdbCtmYSJABqHRVwdrB,neocoin
No White Guilt,a0F323F58412eBfe086055831655A1c0D9,neocoin
Black Pilled,aW1KVYKjkqWKpEGY7JZQqUQQhpYrTe6eXc,neocoin
Mike Cernovich,ACdB13c7337f18D59D1067Fd61b9d5eF5c,neocoin
Laut Gedacht,af8UFCDndzPwMZx1aYiEjGjgXGG5bIauLm,neocoin
T Ð¯ U Î£ Ã I L T O M,a21vdUJfeVZENUNJQ1lPOGZUYXo1UWRjZm,neocoin
T Ð¯ U Î£ Ã I L T O M,ahUKEwjzyaDZ94zUAhVDJJQKHTMuArIQ6A,neocoin
The Plebeian Podcast,aaqowaV00fnBld2UxNG1CVTJoUk1MRnpOa,neocoin
Falk HÃ¼ndorf,aekelErnstDerGermanischeUrsprungDe,neocoin
Politiekman,arketDrugSafetyInformationforPatie,neocoin
Vlaamse Volksbeweging,abfe3edd07471278e5ad1169a3abc75374,neocoin
Morrakiu,AVhGjamMDfwEAMXcLMYpJFziyJYwnrmdAo,neocoin
Das Leuchtfeuer,arianpoliticsischangingeuropewhite,neocoin
Das Leuchtfeuer,AxM2ItYjQ5OS00MjdjLThlMzMtMzk0NGE3,neocoin
Das Leuchtfeuer,athildeLudendorffDasWeibUndSeineBe,neocoin
Sprachenrassist,axHorkheimerTraditionelleundkritis,neocoin
Australian Defence League,AustralianDefenceLeagueSoldiersADL,neocoin
LaughingMan0X,Africa2002Over1000BoerFarmersInSou,neocoin
NPDFraktionVG,ayIYu8Tq8Sj1Kg1HauCWqBZo5Ok8KnyJbx,neocoin
Tyrant Fashister,AVhGjamMDfwEAMXcLMYpJFziyJYwnrmdAo,neocoin
Immortal Ideas,AcxAyjPfhMh8gRGEib3lot1BuC3YkOHjda,neocoin
JasinnaRELOADED,ardCoudenhoveKalergiPraktischerIde,neocoin
Ministry of Defence,A3MDAwMCZvd25lcnR5cGU9ZmFpciZwYWdl,neocoin
Ministry of Defence,ArmedForcesPensionSchemeFinalConsu,neocoin
Ministry of Defence,afTyphoonsMoveToNortholtForOlympic,neocoin
Ministry of Defence,afSarTeamRescuesFloodVictimsInWale,neocoin
Ministry of Defence,ArmedForcesMountSpectacularDiamond,neocoin
Ministry of Defence,ainingContinuesWithMilitaryAviatio,neocoin
Ministry of Defence,alNavySavesSpanishVesselFromPirate,neocoin
Ministry of Defence,anAmbassadorThanksRafCrewForRescue,neocoin
Ministry of Defence,afSentryHelpsControlOperationsOver,neocoin
Ministry of Defence,atedBritishArmedForcesLaunchStrike,neocoin
Ministry of Defence,aisesMilitaryEffortInLibyanEvacuat,neocoin
Ministry of Defence,aryMakesStatementRegardingLibyaEva,neocoin
Ministry of Defence,alNavySafelyDeliversEvacueesFromLi,neocoin
Ministry of Defence,ategicDefenceAndSecurityReviewPubl,neocoin
Ministry of Defence,AirborneTroopsStrikeAtTalibansDrug,neocoin
Thinking-Ape,ac705643eeeef612a8528a7075c70a128f,neocoin
Thinking-Ape,aa8e1207abbdbbfdeadf27c36addf5c0a4,neocoin
Thinking-Ape,aPNC5IoEvVJt070x7VPqilFPR8MTM4NjYx,neocoin
Thinking-Ape,ao0x7sxvxzyDdLF7BJwB8MTM4NjYxOTg2O,neocoin
Thinking-Ape,A7N3GEArLpsGl8MTM4NjYxOTk1N0AxMzg2,neocoin
Thinking-Ape,AUvPnTcwYLDb2t8MTM4NjYxOTk5MUAxMzg,neocoin
Thinking-Ape,AMRJWb8i18MTM4NjYxMzgxN0AxMzg2NTI3,neocoin
Thinking-Ape,apBVvRHxZpJ8MTM4NjYxMzE1N0AxMzg2NT,neocoin
Thinking-Ape,aPggNeOfGpeLfewX5xk0TB8MTM4NjU1MzQ,neocoin
Radagis2,auCW5jnQmBN8MTM5MDIzNTYyMkAxMzkwMT,neocoin
Right Wing Federation,aTnJVkUzTZqjNXMW0XElktJ8MTQ0NjI2Nz,neocoin
Ladyofthe Labyrinth,adehonerbookonethehammerofgreatnes,neocoin
Identitet Svea,AjwuO3cBRAyEiwAzOxKsmspOQJFYlH8ipl,neocoin
NewEuropeANP,acy20of20Americas20College20Studen,neocoin
Faith J Goldy,ARSl2Ce58iylLmdeeee2cRuko562S0BSQP,neocoin
Samuel Andreyev,ay34hUDmRgcoePM7YDFQMkfjpH61ohd7FB,neocoin
Martin Sellner Streams,acdp43anihp2fs5rc1wflexikxw03c010c,neocoin
Esoteric Truths,ag3PnvTJHk4eFRB4N9tjR0wEgNU688uURA,neocoin
Sean Last,AFQjCNHBw5U65y9RuKJat5PIGUqupaG7fQ,neocoin
Sean Last,alSmartsWhydoesEIhelpseparatetheto,neocoin
Norvin Hobbs,alksAmongstUsTheEvolutionOfModernH,neocoin
Alerta Judiada Int. 2,ACollectionOfReportsOnBolshevismIn,neocoin
Hagen Grell,aIrDGYwMmIKli2E5IrnTEN8MTUwOTk3NjM,neocoin
Hagen Grell,ahUKEwiywL2KoYfYAhXSFOwKHYauCZU4ZB,neocoin
Hagen Grell,AmXV9BjUMd8MTUwOTEyNjUwNEAxNTA5MDQ,neocoin
Political Channel,ARTsGZDTGiuZ1RXv00A7PL9J0VRkekW4bv,neocoin
Political Channel,ahUKEwjf3b73n9LVAhVDfRoKHT1lBcgQ8w,neocoin
orlared,ARQMIsHp15Z2b3N5sxfbaelxm3mCwR6Knh,neocoin
orlared,AxMzQ0NTEzOTU3Nzo0NTEzMTUyMDE5OTMz,neocoin
crosseyedone,ahUKEwiw7OaSoJvaAhXLxLwKHST1Df8QFg,neocoin
Hunter Avallone,AjwltC9BRDRvMfD2N66nlISJACq8591bj0,neocoin
Roosh V,aeEnpkiVYc4iVhnPd3Jj87EsrSzq3ZQ1Zf,neocoin
Black Pilled,47c35fve7ipTpHsDDRMB83Dc7taW1KVYKjkqWKpEGY7JZQqUQQhpYrTe6eXc7r2nvE8Vd2kGuB1tx7mrEN753kf3EHLKr3M,monero
Morrakiu,47jgkr7EogJTKNZ7k12X2cZMb83dyHHSuMjAVhGjamMDfwEAMXcLMYpJFziyJYwnrmdAoYSAHJECy6rNfo49ZJq966xJqc1,monero
Little Enterprises Cali,47d3PWB1d4gKmPBRjdH9fgLo3X8qtNk21eZCbV5NRfsQeFQqKD6xycU4GGLhJQHLbXW3BSw1TJBCKBgYT7ikT9EWD125e8s,monero
Tyrant Fashister,47jgkr7EogJTKNZ7k12X2cZMb83dyHHSuMjAVhGjamMDfwEAMXcLMYpJFziyJYwnrmdAoYSAHJECy6rNfo49ZJq966xJqc1,monero
The Thinkery,dKt9uvG6PDMzYPzZZSMcFXDLRJMuep5Ut5,dogecoin
Oesterreichzuerst,dsfinanzierungsgesellschaftengeset,dogecoin
Monokulttuuri FM,DpwRE6AGJFLDNlh225F5QMaQWCtPHwdhUf,dogecoin
inmendham,db1f8e263663d3faee8d1e83f46a36995b,dogecoin
OpenMind,Dt29mB2Mh8XjXjBY98MTUxNTk5NTYyNEAx,dogecoin
OpenMind,DGCeZgxYgaDx6yxBJP3d8MTUxNTI2NDIzM,dogecoin
Sargon of Akkad,dunuffingggggggggggggggggggggggggg,dogecoin
Sargon of Akkad,DEED6163EEE3ABC4153DFB166838A639ED,dogecoin
Insoumis Jules Ngan,DGRXkj7dqExuR6kWYKGYlCrkIA18MTUzNj,dogecoin
Black Pilled,DDRMB83Dc7taW1KVYKjkqWKpEGY7JZQqUQ,dogecoin
Laut Gedacht,DndzPwMZx1aYiEjGjgXGG5bIauLmPyNGii,dogecoin
Falk HÃ¼ndorf,DerGermanischeUrsprungDerLateinisc,dogecoin
Little Enterprises Cali,D6xycU4GGLhJQHLbXW3BSw1TJBCKBgYT7i,dogecoin
Ministry of Defence,duZXI9NTA3MDAwMCZvd25lcnR5cGU9ZmFp,dogecoin
Ministry of Defence,DefenceSecretaryMakesStatementRega,dogecoin
Thinking-Ape,d8DEZ8MTM4NjYxMzcxMUAxMzg2NTI3MzEx,dogecoin
boilingpoint,D67828776277762C34A2F983e3A1CA7b1A,dogecoin
Ken O'Keefe,DRhdV4UAvuyGHhZ1CDmZSHgneUNcpKpHY1,dogecoin
The Still Report,DBqqWds46RwizB7kPRQdiqGF4e9TdRxvKe,dogecoin
Roosh V,dtngWE7kuZ3ZhyVGPtR7979LgqiHqXw5xd,dogecoin
Red Ice TV,xVYZv55aCih9qo5x8shx6mqUZg2DCcHoyh,dash
JFG Livestreams,XMlhYhZJ8MTUzMDQwNjYwMUAxNTMwMzIwM,dash
JFG Livestreams,xaWhzOWU4YWlxbGlvYWplZ2NAZ3JvdXAuY,dash
FREIE-HEIMAT,XvCunVj9fwKZ1BTef67dFMbw6NJ1NbewXK,dash
Jean-Francois GariÃ©py,xaWhzOWU4YWlxbGlvYWplZ2NAZ3JvdXAuY,dash
Julie Borowski,XdvIqC1gIVBwxpCh1jqgj3EAAYASAAEgK8,dash
inmendham,xQ5Dp7TgsifPABq7bJqE7UswCueYYIofdo,dash
securefreedom,xvYgXez17NcetqZIoPrNgx3ksAI2ONB2vZ,dash
OpenMind,XjXjBY98MTUxNTk5NTYyNEAxNTE1OTA5Mj,dash
OpenMind,xYgaDx6yxBJP3d8MTUxNTI2NDIzMEAxNTE,dash
Insoumis Jules Ngan,Xkj7dqExuR6kWYKGYlCrkIA18MTUzNjc3M,dash
Batavieren Podcast,XvqCgcpSWF1WE5MUDFINTdFNWVNRGg4Q3p,dash
No White Guilt,xVYZv55aCih9qo5x8shx6mqUZg2DCcHoyh,dash
Black Pilled,Xc7r2nvE8Vd2kGuB1tx7mrEN753kf3EHLK,dash
Laut Gedacht,XEaf8UFCDndzPwMZx1aYiEjGjgXGG5bIau,dash
Morrakiu,X2cZMb83dyHHSuMjAVhGjamMDfwEAMXcLM,dash
Little Enterprises Cali,x9b5c277661ba72c1111cfd4f3ec1ee973,dash
Volksdeutscher,XttxRnxh12ZWoX9QntzpxIphm8EuvVrE2d,dash
Sprachenrassist,xHorkheimerTraditionelleundkritisc,dash
Sprachenrassist,XvCunVj9fwKZ1BTef67dFMbw6NJ1NbewXK,dash
Tyrant Fashister,X2cZMb83dyHHSuMjAVhGjamMDfwEAMXcLM,dash
Immortal Ideas,xAyjPfhMh8gRGEib3lot1BuC3YkOHjdasR,dash
Ministry of Defence,XI9NTA3MDAwMCZvd25lcnR5cGU9ZmFpciZ,dash
Thinking-Ape,x7sxvxzyDdLF7BJwB8MTM4NjYxOTg2OEAx,dash
#TommyIsFree TOMMY ROBINSON NEWS,XDF6dkVOT1piVm9KUWV8MXlOR2FYTndacm,dash
Sean Last,Xs3uMXgieZLp8MTUzMTk5NDIwMEAxNTMxO,dash
Hagen Grell,xAmXV9BjUMd8MTUwOTEyNjUwNEAxNTA5MD,dash
Red Ice TV,0x90a0F323F58412eBfe086055831655A1c0D9E3B4,ethereum
Lauren Chen,0xD06EC950AA2a17Aa412b4362Ede68857ee9039fF,ethereum
FREIE-HEIMAT,0x6df15ee4c151b75a47eb0ae2e167d0af761d02b9,ethereum
Black Pigeon Speaks,0xE2E2FFb8C370FF97b5Dc88BE8BCC497CDA9cE341,ethereum
PeterSweden,0x19a95e8B35c332D98C0aD78df3381CB83eF6Fdc4,ethereum
Styxhexenhammer666,0x956e7aF6706C3b5E2cf7e15c16c7018c4f42aF79,ethereum
No White Guilt,0x90a0F323F58412eBfe086055831655A1c0D9E3B4,ethereum
Apollonian Germ,0x95Fd53f0149d296293a6A7325E9BF699060517DD,ethereum
Apollonian Germ,0xF8d497caE19F3DB17A805E6E649d1B37E6599f46,ethereum
Black Pilled,0x9cb1F706b1bE726257187292148aD8DAAebD5A80,ethereum
Mike Cernovich,0x8bc7FFACdB13c7337f18D59D1067Fd61b9d5eF5c,ethereum
Little Enterprises Cali,0x9b5c277661ba72c1111cfd4f3ec1ee973b432daa,ethereum
Sprachenrassist,0x6df15ee4c151b75a47eb0ae2e167d0af761d02b9,ethereum
Baked Alaska,0xC397fc134B6559030102b4BD48297c5C97d4d92A,ethereum
POSEIDON,0x20fc03c120833002fb93ddb1ffac37cbabed3431,ethereum
boilingpoint,0x0EfcD67828776277762C34A2F983e3A1CA7b1A1E,ethereum
Ken O'Keefe,0x8cEd06cAa15c326B51eA6903C4e1C680cCd3C78C,ethereum
Minding,,
Minding,,
Minding,,
Minding,,
The Thinkery,RWKm1fYE37y6Jv9ymMnfVlezDhS1OhsVhG,ripple
The Thinkery,RQlNRga9W5Q07rgE8jSKeD2kJQfQrRY7iZ,ripple
Red Ice TV,rEb8TK3gBgk5auZkwc6sHnwrGVJH8DuaLh,ripple
Red Ice TV,rhsou1SnR7mAxVYZv55aCih9qo5x8shx6m,ripple
Oesterreichzuerst,rbandsmusterfeststellungsklagegese,ripple
EuropeanWatchman2,rWilliamPierceAudioArchive308Radio,ripple
Valid Thought,rwh0hqwznxbrcnacdp435d1mtxndrbmes5,ripple
Valid Thought,rlivmargd5doacdp430a4lekzivwmjof1c,ripple
Valid Thought,rrhelb1hhu0yacdp43bofogjzxf2rrrrlz,ripple
Valid Thought,rhyrybhpnr004t1aokgctesktjyv4w5lox,ripple
Analytical Chick,rctbzbwuoedohs04t1aokgh1f1e4hk0wus,ripple
Pat Condell,RHXSIoJJdXQpG3kPrRO2LWMnWTAD9B2UII,ripple
Aydin Paladin,rY5TKaqoEDKWHTh8HwrD00U5rmw7UjyIc7,ripple
James Allsup,RB4rIyLoAq3tJbfSoCsBN2QqDke5CTnxIH,ripple
You Kipper,REEEEEEEEEEEEEEEEEEEEEEEEEEEEEEEEE,ripple
FREIE-HEIMAT,riminalitaetImKontextVonZuwanderun,ripple
Der Volkslehrer,ragDIELINKEAbberufungDrScharfRat01,ripple
The Alternative Hypothesis,rgwynehszf0tacdp435oyvii0nsmaxiihj,ripple
The Alternative Hypothesis,rgwynehszf0tacdp43331hou3kklu5jgqd,ripple
The Alternative Hypothesis,ricaninstitutetechnologyscienceedu,ripple
Black Pigeon Speaks,rMmTGgZ5WhNuqT6ymVWCQYAG1c77pqyRFn,ripple
securefreedom,RhOGIzZWNiN2FkZDIwNDEwOTcyYWY4OWJl,ripple
securefreedom,rNgx3ksAI2ONB2vZYyvSrlGlsJhFOhThOG,ripple
starisloven14,RodzimowierstwoSlowianskieMalopols,ripple
OpenMind,RM2pGA58MTUwNzU0MDgzMEAxNTA3NDU0ND,ripple
OpenMind,rg0tcDIU6DSk18MTUwNTczNzkwN0AxNTA1,ripple
MISTERWONKA7,rrBEDRheROQf4oDoo2BvDwGhA290kUqEiK,ripple
Sargon of Akkad,RR2DwBa9vejMWs02uRQeh2EVkcZA8NKMTS,ripple
Sargon of Akkad,ritiesreceivemoreabuseontwittertha,ripple
RobinHoodUKIP,RCH3YCgpdbCtmYSJABqHRVwdrBl4uka0l8,ripple
Insoumis Jules Ngan,RXkj7dqExuR6kWYKGYlCrkIA18MTUzNjc3,ripple
No White Guilt,rhsou1SnR7mAxVYZv55aCih9qo5x8shx6m,ripple
Black Pilled,RMB83Dc7taW1KVYKjkqWKpEGY7JZQqUQQh,ripple
The Plebeian Podcast,RnpOa0EtTHlGa0tleTBITnpwTngzUC02aE,ripple
Falk HÃ¼ndorf,rnstDerGermanischeUrsprungDerLatei,ripple
Politiekman,rketDrugSafetyInformationforPatien,ripple
Politiekman,RapportInzageMedischDossier2016def,ripple
Morrakiu,r7EogJTKNZ7k12X2cZMb83dyHHSuMjAVhG,ripple
Little Enterprises Cali,rf7hgt0ztvcddwyt8kpj5tp666u2m35qug,ripple
Volksdeutscher,Rnxh12ZWoX9QntzpxIphm8EuvVrE2daQdR,ripple
Das Leuchtfeuer,rianpoliticsischangingeuropewhiter,ripple
Sprachenrassist,rkheimerTraditionelleundkritischeT,ripple
LaughingMan0X,rica2002Over1000BoerFarmersInSouth,ripple
NPDFraktionVG,Rk4TezKeyDWq8Sn6Rk1Lf0KjvFavETqASj,ripple
Tyrant Fashister,r7EogJTKNZ7k12X2cZMb83dyHHSuMjAVhG,ripple
JasinnaRELOADED,RichardCoudenhoveKalergiPraktische,ripple
Ministry of Defence,R5cGU9ZmFpciZwYWdlYWN0aW9uPXZpZXd2,ripple
Ministry of Defence,rmedForcesPensionSchemeFinalConsul,ripple
Ministry of Defence,RafTyphoonsMoveToNortholtForOlympi,ripple
Ministry of Defence,RafSarTeamRescuesFloodVictimsInWal,ripple
Ministry of Defence,resArmedForcesMountSpectacularDiam,ripple
Ministry of Defence,rpoolsLongAndEventfulCareerDrawsTo,ripple
Ministry of Defence,rityTrainingContinuesWithMilitaryA,ripple
Ministry of Defence,RoyalNavySavesSpanishVesselFromPir,ripple
Ministry of Defence,RussianAmbassadorThanksRafCrewForR,ripple
Ministry of Defence,RafSentryHelpsControlOperationsOve,ripple
Ministry of Defence,ritishArmedForcesLaunchStrikeAgain,ripple
Ministry of Defence,rimeMinisterPraisesMilitaryEffortI,ripple
Ministry of Defence,retaryMakesStatementRegardingLibya,ripple
Ministry of Defence,RoyalNavySafelyDeliversEvacueesFro,ripple
Ministry of Defence,rategicDefenceAndSecurityReviewPub,ripple
Ministry of Defence,rsMentorAfghanForcesInHelmandsGree,ripple
Ministry of Defence,rborneTroopsStrikeAtTalibansDrugIn,ripple
Thinking-Ape,Rv1F6KpDhMR1nVfN8MTM4NjYxOTcwMUAxM,ripple
Thinking-Ape,RaPNC5IoEvVJt070x7VPqilFPR8MTM4NjY,ripple
Thinking-Ape,rLpsGl8MTM4NjYxOTk1N0AxMzg2NTMzNTU,ripple
Thinking-Ape,rAMRJWb8i18MTM4NjYxMzgxN0AxMzg2NTI,ripple
Thinking-Ape,RHxZpJ8MTM4NjYxMzE1N0AxMzg2NTI2NzU,ripple
Right Wing Federation,rFDJYHK59v0vMxRS6YmQLbTrufJ8MTQ0NT,ripple
#TommyIsFree TOMMY ROBINSON NEWS,RU2hYTqmiszQaPVVcu1Oep0jiDv7Z8F0mL,ripple
NewEuropeANP,racy20of20Americas20College20Stude,ripple
Faith J Goldy,rOzFkclFlWlB4cUd2S2J8MXZPeHdBcXl3U,ripple
Samuel Andreyev,RgcoePM7YDFQMkfjpH61ohd7FBeWCcxi57,ripple
Esoteric Truths,RB4N9tjR0wEgNU688uURAdKkNNT0Rnq6Rw,ripple
Sean Last,rtsWhydoesEIhelpseparatethetopCEOs,ripple
Norvin Hobbs,rectusWalksAmongstUsTheEvolutionOf,ripple
NOUS VOULONS VIVRE !,ryoneShouldKnowTheseStatisticsOnHo,ripple
Hagen Grell,rDGYwMmIKli2E5IrnTEN8MTUwOTk3NjMyM,ripple
Hagen Grell,R4KTxAmXV9BjUMd8MTUwOTEyNjUwNEAxNT,ripple
Hagen Grell,riminalitaetImKontextVonZuwanderun,ripple
Political Channel,riminalitaetImKontextVonZuwanderun,ripple
Political Channel,RTsGZDTGiuZ1RXv00A7PL9J0VRkekW4bv0,ripple
orlared,RQMIsHp15Z2b3N5sxfbaelxm3mCwR6KnhQ,ripple
Ken O'Keefe,rUjxty1WWLwX1evhKf3C2XNZDMcXEZ9ToJ,ripple
Kraut,riminalitaetImKontextVonZuwanderun,ripple
Hunter Avallone,RDRvMfD2N66nlISJACq8591bj0M4kpbD4g,ripple
The Still Report,r3gFkfb98hfp6UGN2MRzGPv2wzeMEx7PWj,ripple
Roosh V,rSzq3ZQ1ZfpA3n3MaR8EMoj11dtngWE7ku,ripple
Cosmic Claire,LM6GJwaPdNv4dM8K5KkcFHeziXXXMGKT,litecoin
Dr. Steve Turley,3fjruwmsyqdlaud22thr45glubsbxyc,litecoin
ReasonableFaithOrg,mtbsEea3g4mJIgIAInrqqNcBuZqiID,litecoin
ReasonableFaithOrg,mhwkgXUMiz2s2vi8GOd8f6MWZTCk,litecoin
Paul Joseph Watson,lGp48iyJ35AXMCadvnzYK6fJth4ho,litecoin
Paul Joseph Watson,36ed25456287227b3e431e5e9f937b,litecoin
Millennial Woes,3iu15DwhPRAyqJF1hMiDESRpxw8psSHk,litecoin
The Thinkery,3817fe8154a8b5183147667192ee4375b9,litecoin
The Thinkery,m1fYE37y6Jv9ymMnfVlezDhS1OhsVhGMtA,litecoin
The Thinkery,MjA3NzoyMDczMjM3NDYyOTI3Nzk5,litecoin
The Thinkery,MTg3OTA6MjIzNTA4MzQ1MDY3NjMy,litecoin
The Thinkery,lationandmigrationestimatesapril2,litecoin
The Thinkery,LSdKt9uvG6PDMzYPzZZSMcFXDLRJMuep5U,litecoin
The Thinkery,lNLdhUOlLAxwyZNSDusT52kwSLSp4gz,litecoin
The Thinkery,llaaaaaaaaaaaaaaaaaaaaaaaaaaaaaaah,litecoin
ReasonTV,LBuns9Evn1w89zUoRysoyM2MqmLxotJEX,litecoin
ReasonTV,LBuns9Evn1w9oPnq8l6HJvOoSKoC1N6pJ,litecoin
jerzy wasner,Lebertransplantationszentren,litecoin
MrThriveAndSurvive,LOpfD6XcEa73ED352vGU9ayUxIH24S,litecoin
agenceinfolibre,lecourrierdumaghrebetdelorient,litecoin
Stefan Molyneux,LHt1Hh27h4Bu6rS8AKAYrMEoIY3rqbO8r,litecoin
Stefan Molyneux,mployamericansnowactfactsheet,litecoin
Stefan Molyneux,Lbxr3M8oezWaguEBc35MoyvQT88C85Sqpi,litecoin
Stefan Molyneux,LL76SbNek3dT8bv2APZNhWgNv3nHEzAgKT,litecoin
Red Ice TV,3K8v2891LrWjuBPdSKHkKZmUW9vXTmMrBB,litecoin
Red Ice TV,3FTzT6pRr6ZXnXQwamdSXU7kzFFuzD8uhF,litecoin
Red Ice TV,LLq3tGiEWg5ZnaVD56Vy4rLfZHB7,litecoin
Red Ice TV,Ld5YuRxKNrVhExX8WiPCi4pGtey8,litecoin
The Rubin Report,MjT133uzRfN6CwnkyhXZ4d2vci9vEiBAN,litecoin
The Rubin Report,LEbhOtC9klbCiiT3PLNMikPrzL1at2UzO,litecoin
The Rubin Report,LEbhOtC9klbCuaYP3kjamD5jUJsRuMqm3,litecoin
The Rubin Report,LEbhOtC9klbCx8Gnq9C2ggkHzk8,litecoin
The Rubin Report,LEbhOtC9klbA4Cxl9Fq6mEN779Xg7,litecoin
The Rubin Report,LEbhOtC9klbDAmqMIdoFD55Og4MN,litecoin
The Rubin Report,LEbhOtC9klbDxkZYUpYx7aPFFyoc,litecoin
The Rubin Report,LEbhOtC9klbCaoVwTVx2sUDkyLRKjL3Mc,litecoin
The Rubin Report,LEbhOtC9klbDyH32WAn56ZV39h68LqiG2,litecoin
The Rubin Report,LEbhOtC9klbAnizsfMrgeRg88rMN2PR2A,litecoin
The Rubin Report,LEbhOtC9klbB1Fvehk7JInc1sgxvxQNGR,litecoin
The Rubin Report,LEbhOtC9klbAEThtaoCJmkpJkh9PuMkaU,litecoin
The Rubin Report,LEbhOtC9klbAGLTIXNSQ2s4brr1Owvu5v,litecoin
The Rubin Report,LEbhOtC9klbA52UvGzreXutz4sWu21x3W,litecoin
The Rubin Report,LEbhOtC9klbAWet3KH7wWQ2mrhTRvxCGd,litecoin
The Rubin Report,LEbhOtC9klbAKyl6rH6cZIliHF5JI2m,litecoin
The Rubin Report,LEbhOtC9klbCWeggZYp5WMmaxMiGM7,litecoin
The Rubin Report,LEbhOtC9klbAhSEgRoj6ec7S6UqcJ3MR6,litecoin
The Rubin Report,LEbhOtC9klbB2LC8mZxtSVTFaa55AhpoW,litecoin
The Rubin Report,LEbhOtC9klbBPt7zUMfBLa5efcYT8ZCks,litecoin
The Rubin Report,LEbhOtC9klbDsP2WeSj6hF6A5RM1b8LJO,litecoin
The Rubin Report,LEbhOtC9klbCBlgq3QSyr5DDXYVtOANoC,litecoin
The Rubin Report,LEbhOtC9klbCunhVICvoxT1P6MsBhfHC4,litecoin
The Rubin Report,LEbhOtC9klbBx4ICTeSCYxsbAREZX8a9Z,litecoin
The Rubin Report,LEbhOtC9klbCnxBujrBogyn1FOl2m4iFo,litecoin
The Rubin Report,LEbhOtC9klbD7cWhvBBmpBxkrNeEGqGiZ,litecoin
The Rubin Report,LEbhOtC9klbCizQ2xLniwOuEHKO7r3e3X,litecoin
The Rubin Report,LEbhOtC9klbBgKYc9f2uX4Flmwk3mWnxZ,litecoin
The Rubin Report,LEbhOtC9klbD4UeU17KRTEoVDMAc1kU5M,litecoin
The Rubin Report,LEbhOtC9klbDShnxYe7FPsT9OWIKGFIRJ,litecoin
The Rubin Report,LEbhOtC9klbA6qDHEkchvfDdzFynZU,litecoin
The Rubin Report,LEbhOtC9klbDrOqywdYrpx52SYXUpEGKb,litecoin
The Rubin Report,LEbhOtC9klbAxVkU4jFmgvDqZm2NPure6,litecoin
The Rubin Report,LEbhOtC9klbDKzwgpnYJB7Sp4T8t6m67n,litecoin
The Rubin Report,LEbhOtC9klbAuV6kmRc4SmgdlE9OvyMQF,litecoin
The Rubin Report,LEbhOtC9klbDJtLjUT3we7npcoBioB,litecoin
The Rubin Report,LEbhOtC9klbDrnjkh2Z7r7NmCE8diETjw,litecoin
The Rubin Report,LEbhOtC9klbDAkZOFcPJyKi6CRxN,litecoin
The Rubin Report,LEbhOtC9klbBDxEs8dhdBmJsZAKqFRWa2,litecoin
The Rubin Report,LEbhOtC9klbC5exH8RDWNTmGbyIH,litecoin
The Rubin Report,LEbhOtC9klbAz8WSIRycFzi9BP6A5GRxK,litecoin
The Rubin Report,LEbhOtC9klbBEj9gWmbPsrFVGhdM1p,litecoin
The Rubin Report,LEbhOtC9klbDgGgwTugnnrMiaaenxXCvA,litecoin
The Rubin Report,LEbhOtC9klbA2iByLo7BjGyL6kDLYY53j,litecoin
The Rubin Report,LEbhOtC9klbA6GPRGmD5DFf864WG5ZAFu,litecoin
The Rubin Report,LEbhOtC9klbDvJJvIBCpUTqV85l4Ya9SZ,litecoin
notregme,3mzw4KeMyrqmYN7oLSJyisKzxVF3jiByf,litecoin
Oesterreichzuerst,milienlastenausgleichsgesetz,litecoin
Oesterreichzuerst,musterfeststellungsklagegesetz,litecoin
Oesterreichzuerst,Landeshauptmannstellvertreter,litecoin
Oesterreichzuerst,Mittelstandsfinanzierungsgesellsch,litecoin
Oesterreichzuerst,Lebensmittelinformationsverordnung,litecoin
Oesterreichzuerst,Lebensmittelbewirtschaftungsgesetz,litecoin
Oesterreichzuerst,ltungsgerichtsverfahrensgesetz,litecoin
Oesterreichzuerst,ldungsrechtsanpassungsgesetz,litecoin
Oesterreichzuerst,lternativfinanzierungsgesetzes,litecoin
Oesterreichzuerst,Landesverteidigungsakademie,litecoin
Oesterreichzuerst,lekommunikationsendeinrichtungen,litecoin
Oesterreichzuerst,lternativfinanzierungsgesetz,litecoin
Oesterreichzuerst,llzugsreorganisationsgesetz,litecoin
Oesterreichzuerst,Lebensmittelkennzeichnungsproblem,litecoin
Oesterreichzuerst,Landestourismusorganisationen,litecoin
Oesterreichzuerst,Meinungsforschungsinstituts,litecoin
Oesterreichzuerst,Landesverteidigungsausschusses,litecoin
Oesterreichzuerst,Landwirtschaftsministeriums,litecoin
Oesterreichzuerst,Lohnnebenkostensteigerungen,litecoin
Oesterreichzuerst,lungsbilanzstabilisierungsgesetz,litecoin
Oesterreichzuerst,lleinverdienerabsetzbetrags,litecoin
FPÃ TV,mbewirtschaftungsregelungen,litecoin
FPÃ TV,ltersfeststellungsgutachten,litecoin
FPÃ TV,Mindestsicherungsauszahlungen,litecoin
FPÃ TV,Mindestversicherungsbezieher,litecoin
FPÃ TV,Mindestsicherungsleistungen,litecoin
FPÃ TV,LW3vjq9SrSOu6vCe6cIveZ1hKFKkxQ4ax,litecoin
FPÃ TV,LW3vjq9SrSOtrge5qQsc9k21eGimPNt9N,litecoin
FPÃ TV,LW3vjq9SrSOtpH2l4jaJVAMSX4Lce,litecoin
FPÃ TV,lechterrollenzuschreibungen,litecoin
Acts17Apologetics,LuXxHEHGRVu944YalRfgElxwBHbvtHN7U,litecoin
Monokulttuuri FM,3DpwRE6AGJFLDNlh225F5QMaQWCtPHwdhU,litecoin
Valid Thought,lnjxg54sfacdp435fnkirulj3xi3sqwr3l,litecoin
Libertarian Realist,LookWhoOpposedProposition187,litecoin
Libertarian Realist,L5p2Y5p89kzfx55SjiOPdwTp8IwBYMJfD,litecoin
Analytical Chick,3CD15552F1642EEAFC4371E932D9BE4,litecoin
Pat Condell,LeqM5irDk4IKFpmvRfl9fMCE2VwabyFrw,litecoin
Pat Condell,LeqM5jFuaD3fLpJLZE3qob6VoJIXUqbJQD,litecoin
Pat Condell,LeqM5iRHXSIoJJdXQpG3kPrRO2LWMnWTAD,litecoin
Pat Condell,lanationneededaboutwestmidlan,litecoin
Pat Condell,LeqM5jVcI7tnnSpFtagCxNhgMEA,litecoin
Matthew Drake,396k84noc42w4Sq8nf3LeJUkfXs6bKXadX,litecoin
Lauren Chen,3K36eWWC1cBaZGFB7FK1dUuh4wKHW8j7Pz,litecoin
Aydin Paladin,3UDRxjaCQItBBGmlSkVaEb4dJodnIzYj8,litecoin
James Allsup,MDsW39MNQgkzuBdXhkk31yYczvBjigkCz,litecoin
James Allsup,mivWENfuUmV5aCaUgkk3rEmUtSh,litecoin
James Allsup,LevittTheImpactOfLegalized2,litecoin
JFG Livestreams,3JwneSK5AEQ8Y2sjYs3yz2PSpWxQNdpVKv,litecoin
JFG Livestreams,396k84noc42w4Sq8nf3LeJUkfXs6bKXadX,litecoin
JFG Livestreams,MlhYhZJ8MTUzMDQwNjYwMUAxNTMwMzIwMj,litecoin
Virginia Vota,LHzK3OLauZkXVbRjGUKS5MHxsJfJQLLym,litecoin
Virginia Vota,LksedyB8LIc9p2FSLrmLKCyPiqPdHc3vW,litecoin
Lauren Southern,LM6GJwaPdNv4dM8K5KkcFHeziXXXMGKT,litecoin
FREIE-HEIMAT,3QM41JzLftN89BmjrcxzYTRV3N2BGGL2h8,litecoin
FREIE-HEIMAT,multikultitrifftnationalismus,litecoin
FREIE-HEIMAT,LeebMVtXGvky19AcoYAzuZaqdEhQe6gzn,litecoin
FREIE-HEIMAT,minalitaetImKontextVonZuwanderung,litecoin
Der Volkslehrer,LINKELueneburgerErinnerungskulturR,litecoin
Jean-Francois GariÃ©py,3JwneSK5AEQ8Y2sjYs3yz2PSpWxQNdpVKv,litecoin
Jean-Francois GariÃ©py,3b8717862a8d7a43f2eaf95df91fec8b,litecoin
Dancing Dove,LRsUNnHNKLqmCBeJnskOAhXOnzUOCvGTk,litecoin
Dancing Dove,LyDh5SaLqrG65gXWRUYKfEDBLB7g5LUZC,litecoin
Dancing Dove,LRsUNnHNKLqnCW2ZaaEzqcSyNvPbWsjBj,litecoin
Dancing Dove,LRsUNnHNKLqnJK4qHF21j2Y3eSHKf,litecoin
Steve Franssen,LaFA33yrjXnCxv29jkCgrUbdypo7oquoDe,litecoin
Steve Franssen,3JAZ8QXRB7EA6y67nT41U4NNM31hc6xZk,litecoin
Steve Franssen,3JAZ8QXRB7EA6y67nT41U4NNM31hc,litecoin
The Alternative Hypothesis,lgbgkmanbbecbjihnbpeaoodmgchom,litecoin
The Alternative Hypothesis,l9nVAhVL6GMKHUinBbgQ6AEINTAC,litecoin
The Alternative Hypothesis,LvfmXypbOAhWCRiYKHQBDAjIQ6AEIWzAI,litecoin
The Alternative Hypothesis,LevittUsingRepeatChallengers1994,litecoin
The Alternative Hypothesis,mericaninstitutetechnologysciencee,litecoin
Black Pigeon Speaks,MLYwRVCzzNx47zZuivTR4atKcASRAksBdS,litecoin
PeterSweden,Lgb4ve5XGfKoAhFM546h654GYp74HcDhgd,litecoin
Manfred Haimbuchner,Landeshauptmannstellvertreter,litecoin
Manfred Haimbuchner,Landwirtschaftskammerwahlen,litecoin
Manfred Haimbuchner,lementarschadensversicherung,litecoin
Manfred Haimbuchner,Landwirtschaftsministeriums,litecoin
Manfred Haimbuchner,Meinungsforschungsinstituts,litecoin
Julie Borowski,MI7fXdvIqC1gIVBwxpCh1jqgj3EAAYASAA,litecoin
inmendham,MTNm7BK6m21SOAL6DCx1UMfIXU5vQ,litecoin
inmendham,lV99m17zjoxeiJddgEte83Up3q795U2sRU,litecoin
inmendham,lX1ncGVOcflmVhfeJZcDijrXLUnChh,litecoin
inmendham,lXIessaRINYEMt7VWCUsrbPKZ7QatiCHMk,litecoin
inmendham,lW2m2uGK4omDGk4bXTmhao45ftUW6j9UXY,litecoin
inmendham,lWUtJCurmq33eQgwK2SYXrAEjeNs2gTwW4,litecoin
inmendham,lXiRAykbLZOphhPs8qR9d48BKjNlNGZYTo,litecoin
inmendham,lVdoIKhYMy88PRJdPZ8tjwehNYyeTXEpLc,litecoin
inmendham,lXCjjfddNwO3NnoFuIL9VB2XXbky7tkbxI,litecoin
inmendham,3663d3faee8d1e83f46a36995b3856cef1,litecoin
securefreedom,MzRhOGIzZWNiN2FkZDIwNDEwOTcyYWY4OW,litecoin
securefreedom,3ksAI2ONB2vZYyvSrlGlsJhFOhThOGF,litecoin
AIFDtv,mericanIslamicForumforDemocracy,litecoin
starisloven14,mForgottenWorldIntoEternity,litecoin
starisloven14,mowierstwoSlowianskieMalopolska,litecoin
Tim Pool,3ha54MW2hYUS3q1jJhFyWdpNfdfMWtmhZ,litecoin
Tim Pool,3ML3yyQivKtEfvxuEPrHQ5xA8FpkUma1Vk,litecoin
Styxhexenhammer666,LQNJed6vDhR4U4LB7g8jGep4UQ7yeqJdPw,litecoin
OpenMind,L12W9dPpEvlI8emxKz2qcVGEMlff2ZTED,litecoin
OpenMind,mB2Mh8XjXjBY98MTUxNTk5NTYyNEAxNTE1,litecoin
OpenMind,3d8MTUxNTI2NDIzMEAxNTE1MTc3ODMw,litecoin
OpenMind,3GlobalMonthlyTempSince1979,litecoin
jobbikmedia,Mahachulalongkornrajavidyalaya,litecoin
Argent,ln3gytYl9cBOVIfEmiIaYs7K2RBmStq,litecoin
Argent,LI1RZrXvHGCJQECkeXXu4mFAnyMkjz,litecoin
Argent,lPjUiXqJ4bxh5vqr1DIbKZr5LxFNBXQs,litecoin
Argent,3a46c33112ae31f4e5764649d2f,litecoin
Argent,LKTT86UIQKq3htKT6XkBUenUrAL,litecoin
Argent,migrationandthebraindrainphenomeno,litecoin
Sargon of Akkad,LstatementreJordanPetersonevent,litecoin
Sargon of Akkad,3NCEi9fMAhVJPxQKHY97DlgQ6AEIHDAA,litecoin
Sargon of Akkad,llegeofhumanenvironmentalsciences,litecoin
Sargon of Akkad,mosmalecelebritiesreceivemoreabuse,litecoin
Sargon of Akkad,ldlglhppbllahhojfbmpokdipkihb,litecoin
Sargon of Akkad,3EEE3ABC4153DFB166838A639EDE,litecoin
RobinHoodUKIP,3YCgpdbCtmYSJABqHRVwdrBl4uka,litecoin
Timcast,3ha54MW2hYUS3q1jJhFyWdpNfdfMWtmhZ,litecoin
Insoumis Jules Ngan,lCrkIA18MTUzNjc3MjEyMkAxNTM2Njg1Nz,litecoin
Revenge Of The Cis,ltRightIsControlledOpposition,litecoin
Jordan B Peterson,L22J3VaeABQByVcW4lXQ46glULC,litecoin
Jordan B Peterson,L22J3VaeABQC6oShltYc6rMUDAGJ7,litecoin
Jordan B Peterson,L22J3VaeABQCfQy9Yg2y8fi5cI8HYUUct,litecoin
Mark Collett,3MdrC2qWpQsoR76cGYiWKofZegkJAceGMR,litecoin
Mark Collett,326uEc4QyovcgT5S6mzMK8bh3SyukqPTV1,litecoin
Cy Wakeman,LdVXnWPeNYerXJekPCvXzW6zpe8mAT17,litecoin
Martin Sellner GI,36w6EyF9RLqXDntGVvjfXt11bf6NgYWpwS,litecoin
Mimir's Head,LwoLrhFrCYPMqQPfuL8IdgPCo6VIH84Pz,litecoin
Radio FN,L5dq6sGKfYnGIfiHiOwMzUO9zNH,litecoin
Batavieren Podcast,MUDFINTdFNWVNRGg4Q3pXUnlLdkpR,litecoin
No White Guilt,396k84noc42w4Sq8nf3LeJUkfXs6bKXadX,litecoin
No White Guilt,LLq3tGiEWg5ZnaVD56Vy4rLfZHB7,litecoin
No White Guilt,LoKXuMM7gt64rnMHbU7nZudCopt3DDjgq,litecoin
Nordisk alternativhÃ¶ger,3HdX4WmsRT8JbZaWvvaNJtr8ML7huydEdT,litecoin
Blonde in the Belly of the Beast,M1Pv5CTcJs6VQU3Mq9ypjgVgPeMbohK,litecoin
Apollonian Germ,Lu6XX37eTnfwNNQaxhjCywpcaLjW5v3z,litecoin
Black Pilled,3MfSmMkhkxmPsLW3DaqxefVzEBBDVsa4db,litecoin
Black Pilled,32WbdJvtnANvJbQBvdouRNgsG2s,litecoin
Black Pilled,LKsQaiiHBjCLPjxc5o5FxtQimqJy23KHtv,litecoin
Black Pilled,LayzoMH7imyJh1uwQ5fvA8BcAcJ8FZrpH,litecoin
Mike Cernovich,Ld1AbD9c1Lp37SMQXpVftMfnezdBDQYb9s,litecoin
DetlefF. Artist,m6ZgsnFiYzzuz9mzzbSpKzHhnATKiU,litecoin
Laut Gedacht,MZx1aYiEjGjgXGG5bIauLmPyNGiiPc7C1l,litecoin
T Ð¯ U Î£ Ã I L T O M,LgX9LaTkwJ9KFgaSVDOcpTzAlLFtpFpKr,litecoin
T Ð¯ U Î£ Ã I L T O M,36a21vdUJfeVZENUNJQ1lPOGZUYXo1UWRj,litecoin
OhFortunae,LiV6AcOqmaO7UwlRiJqjVt3oDVQl,litecoin
Mattias Axelsson,ldwidelivinginextremepoverty,litecoin
The Great Order,LoKXuMM7gt64rnMHbU7nZudCopt3DDjgq,litecoin
The Great Order,LoKXuMM7gt65gNSwxxEhQKBV9RFtm3k9c,litecoin
Semiogogue,L8KsNpZwkrGXzevyCIMtOpSSGrfCMkcWz,litecoin
Falk HÃ¼ndorf,lErnstDerGermanischeUrsprungDerLat,litecoin
tolvajkergetok,39sUpZeFospTWXfmsUtdDPLYBtJBs7Xv4X,litecoin
On The Offensive,LphG6UXNwbKcaoM28B7EArCLWhiBj3,litecoin
Politiekman,LHLJ2EStzjcSn9dBciDwYEM6iTaStK7Su,litecoin
Politiekman,marketDrugSafetyInformationforPati,litecoin
Politiekman,313cd5f8fee22cd719f6be47ce4,litecoin
MindMastery,LPJDjx17nwNwV22kpgTaw9QLYR8Ju7UC4,litecoin
~ C Y B E R N Î Z I ~,35YJu6NrQybr8QEEYHFuWrkRRQwjFH8GBz,litecoin
Morrakiu,LTvPYkh3FMepCk7453da8wfSCphkRdEFKB,litecoin
Pan-European Movement,LyZXD2T6gd2TbznOJUrI1EpLlLkgMGL6t,litecoin
Defense Distributed,32wRDBezxnazSBxMrMqLWqD1ajwEqnDnMc,litecoin
Little Enterprises Cali,37rBNpB7xrPRB9b3YEb428evcaDTexYhoy,litecoin
Volksdeutscher,MGMXttxRnxh12ZWoX9QntzpxIphm8EuvVr,litecoin
Das Leuchtfeuer,liticsischangingeuropewhiterightan,litecoin
Das Leuchtfeuer,MathildeLudendorffDasWeibUndSeineB,litecoin
Das Leuchtfeuer,lizeilicheKriminalstatistik,litecoin
Sprachenrassist,linksparteiverfassungsschutz1,litecoin
Sprachenrassist,MaxHorkheimerTraditionelleundkriti,litecoin
Sprachenrassist,3QM41JzLftN89BmjrcxzYTRV3N2BGGL2h8,litecoin
Babylonian Hebrew,LKTT86UIQKq1HxLcLsrNuKhMgUZJ6OrF,litecoin
Australian Defence League,lianDefenceLeagueSoldiersADL,litecoin
LaughingMan0X,mersInSouthAfricaHaveBeenMurderedS,litecoin
Baked Alaska,3iu15DwhPRAyqJF1hMiDESRpxw8psSHk,litecoin
NationalSocialistTheory,LebensbornProgramAndTheHerrenvolk,litecoin
POSEIDON,LYy6Nk96RFVuftSP2DJ5TDhdBVawQVFPs6,litecoin
Tyrant Fashister,LTvPYkh3FMepCk7453da8wfSCphkRdEFKB,litecoin
Immortal Ideas,Mh8gRGEib3lot1BuC3YkOHjdasRgQxdXoG,litecoin
GUD Lyon,LaJeunesseEmmerdeLaDroiteLiberale,litecoin
Ministry of Defence,3duZXI9NTA3MDAwMCZvd25lcnR5cGU9ZmF,litecoin
Ministry of Defence,ledOfRoyalNavysFutureWarships,litecoin
Ministry of Defence,medForcesPensionSchemeFinalConsult,litecoin
Ministry of Defence,lsMemorialToBomberCommandAirmen,litecoin
Ministry of Defence,mRescuesFloodVictimsInWales,litecoin
Ministry of Defence,medForcesMountSpectacularDiamondJu,litecoin
Ministry of Defence,msLiverpoolsLongAndEventfulCareerD,litecoin
Ministry of Defence,lympicSecurityTrainingContinuesWit,litecoin
Ministry of Defence,lNavySavesSpanishVesselFromPirateA,litecoin
Ministry of Defence,mbassadorThanksRafCrewForRescue,litecoin
Ministry of Defence,lpsControlOperationsOverLibya,litecoin
Ministry of Defence,medForcesLaunchStrikeAgainstLibyan,litecoin
Ministry of Defence,meMinisterPraisesMilitaryEffortInL,litecoin
Ministry of Defence,MakesStatementRegardingLibyaEvacua,litecoin
Ministry of Defence,lNavySafelyDeliversEvacueesFromLib,litecoin
Ministry of Defence,ldiersMentorAfghanForcesInHelmands,litecoin
Rebel Media,MnBJPTVugnZ8MTQyNjAxMTI3OEAxNDI1OT,litecoin
Thinking-Ape,MTM4Njc5OTgwMEAxMzg2NzEzNDAw,litecoin
Thinking-Ape,lu4GiRv1F6KpDhMR1nVfN8MTM4NjYxOTcw,litecoin
Thinking-Ape,LF7BJwB8MTM4NjYxOTg2OEAxMzg2NTMzND,litecoin
Thinking-Ape,MTM4NjYxOTkzMEAxMzg2NTMzNTMw,litecoin
Thinking-Ape,lZLeD3ELSMsXA7N3GEArLpsGl8MTM4NjYx,litecoin
Thinking-Ape,mAUvPnTcwYLDb2t8MTM4NjYxOTk5MUAxMz,litecoin
Thinking-Ape,MTM4NjYxODE4MUAxMzg2NTMxNzgx,litecoin
Thinking-Ape,mFZ8MTM4NjYxODE2NUAxMzg2NTMxNzY1,litecoin
Thinking-Ape,lZB8MTM4NjYxODEyNEAxMzg2NTMxNzI,litecoin
Thinking-Ape,MTM4NjYxMzcxMUAxMzg2NTI3MzEx,litecoin
Thinking-Ape,MflQjPKWnFseTthapBVvRHxZpJ8MTM4NjY,litecoin
Thinking-Ape,MTM4NjU1MzQyNkAxMzg2NDY3MDI2,litecoin
Thinking-Ape,MTM4NjU1MzI5MUAxMzg2NDY2ODkx,litecoin
Thinking-Ape,MTM4NjUzNjQwNkAxMzg2NDUwMDA2,litecoin
Coach Red Pill,LGeiBEiDRZWSPMrqZwjmz5VW6dVIiYHC7,litecoin
Radagis2,multikultigenozidfaschismus,litecoin
Radagis2,leischhaltungssystemmeinung,litecoin
Radagis2,mBN8MTM5MDIzNTYyMkAxMzkwMTQ5MjIy,litecoin
Right Wing Federation,MQyHHLfA3JkqGwuDdqXs8TTS6AGU,litecoin
SVP Schweiz,Masseneinwanderungsinitiative,litecoin
Ladyofthe Labyrinth,ladehonerbookonethehammerofgreatne,litecoin
#TommyIsFree TOMMY ROBINSON NEWS,m9KUWV8MXlOR2FYTndacm5LasfAHs,litecoin
Hagens HirnTicker,LeebMVtXGvky19AcoYAzuZaqdEhQe6gzn,litecoin
Xpall Odoc,LZitjfO3Aw1gukZ5vxQoH9QPAjAI,litecoin
Xpall Odoc,lXA6cqhfi8xZZEKPx17mDEX4ijXyqZmeNA,litecoin
Palaestra Media,3LyviHpEvvg6fZ2XuC8xyRPUi2JE8pH1Gm,litecoin
DNJ Barcelona,movimientocontralaintolerancia,litecoin
Identitet Svea,3cBRAyEiwAzOxKsmspOQJFYlH8iplz,litecoin
Identitet Svea,Lpazo84ijlWBxwCsyYXP5YF3DojXt6d91,litecoin
This is Europa,LouyXUGmQ6aqrTJitWOOTQwXYmzOJjgdv,litecoin
Nephanor,LQJW3WMsx1q3BAZh3XsK1cSwCiaqjSulc,litecoin
Der Schattenmacher,Lj6XzcqwRpN4CVMKhTUQi1jh36H3uSMnM,litecoin
Der Schattenmacher,lizeilicheKriminalstatistik,litecoin
Faith J Goldy,lFlWlB4cUd2S2J8MXZPeHdBcXl3UG1HQrA,litecoin
Samuel Andreyev,34hUDmRgcoePM7YDFQMkfjpH61ohd7FBeW,litecoin
NeaFrea,Menschenrechtsgerichtshofes,litecoin
Martin Sellner Streams,36w6EyF9RLqXDntGVvjfXt11bf6NgYWpwS,litecoin
Martin Sellner Streams,Menschenverstandsradikalismus,litecoin
Scottish Family Party,L274HdtFpSAel2pkaOdhdTZUFhzlDzc1u,litecoin
The Masked Arab,ManyPeopleHaveEverLivedonEarth,litecoin
Tommy Robinson,3MspPzwvsAwNHG2UsFMXzA6LVhHRqzajRc,litecoin
Sean Last,3uMXgieZLp8MTUzMTk5NDIwMEAxNTMxOTA,litecoin
Sean Last,motionalSmartsWhydoesEIhelpseparat,litecoin
boilingpoint,36CPF8e2X1pKLj6DLsJ2Wx3XmavUQvPfpE,litecoin
boilingpoint,LmSZDxLWDyqUTumpEMY3kTeFemJ,litecoin
boilingpoint,3NMZZoFtCYDF23nLNS2dYwvN8KEe8oxtHw,litecoin
,,
Norvin Hobbs,lksAmongstUsTheEvolutionOfModernHu,litecoin
NOUS VOULONS VIVRE !,ldKnowTheseStatisticsOnHomosexuals,litecoin
Alerta Judiada Int. 2,llectionOfReportsOnBolshevismInRus,litecoin
Deutscher AufklÃ¤rer,mWEDOoZqCEVd9IloNkxEU2XyQCLcB,litecoin
Deutscher AufklÃ¤rer,LnrLS4VWzPGFAaMKIejivOTCIvl4tASLZ,litecoin
VaynerMedia,lindseyssuitedealsfurniture,litecoin
Stan,M1Pv5CTcJs6VQU3Mq9ypjgVgPeMbohK,litecoin
AfD-Fraktion MV,Landesverfassungsschutzgesetzes,litecoin
Hagen Grell,LeebMVtXGvky19AcoYAzuZaqdEhQe6gzn,litecoin
Hagen Grell,MfcgxvwzRjbGNJsGHPJhCbJCrzhhmxL,litecoin
Hagen Grell,minalitaetImKontextVonZuwanderung,litecoin
Hagen Grell,lizeilicheKriminalstatistik,litecoin
Hagen Grell,LlVYmfrp1BroSIttbNytWQohF3OqryAyd,litecoin
Political Channel,minalitaetImKontextVonZuwanderung,litecoin
Political Channel,3ee3ac47a27f17792a69316a6e7a3c,litecoin
Political Channel,3b73n9LVAhVDfRoKHT1lBcgQ8wIIpQIwAA,litecoin
orlared,MIsHp15Z2b3N5sxfbaelxm3mCwR6KnhQ1,litecoin
Golden Dawn Dubs & Subs,LFiccMZaukuG3NZlmDH8ehfRZC1cMeiQn,litecoin
RockingMrE,31QgpNN5coJJW2VzCnwYU4KqIBReNvwRnF,litecoin
PVVep,meldpuntmiddenenoosteuropeanen,litecoin
Siim Land,31def1a1b516fa188bd45eaec249b,litecoin
Nordiska motstÃ¥ndsrÃ¶relsen,MVvWvSc7eShqEvHa7mufkNne4CnhQa,litecoin
Drunken Peasants,LQL25VjnxLtexuEViREyhhdWWaWon5pWG,litecoin
Ken O'Keefe,LeQJwXjQ7y8FRYaBk2EvqUu1kKhCpPk,litecoin
Kraut,minalitaetImKontextVonZuwanderung,litecoin
Kraut,lizeilicheKriminalstatistik,litecoin
Ben Swann,LfdRv4mkXBsIRq4gpbmsM7XWQsljOosYM,litecoin
Jesse Lee Peterson,mericanlibertywithbilllockwood,litecoin
Jesse Lee Peterson,LpSkvyhrlXrZr2Rnol6lf7cekIEq8CyY,litecoin
Jesse Lee Peterson,LpSkvyhrlXrYVHSYcvqGiv47zwPXs6jjn,litecoin
Jesse Lee Peterson,LpSkvyhrlXrbRAwl3puTyYeg2udCuXrfx,litecoin
Jesse Lee Peterson,LpSkvyhrlXrZBaDkBDgfRgUqFxIQua4ec,litecoin
Jesse Lee Peterson,LpSkvyhrlXraUvHnYtHIj8LGcFkKIq9M1,litecoin
Jesse Lee Peterson,LpSkvyhrlXrZMDNj2OPtyY1QhAsJHF3Hk,litecoin
Hunter Avallone,ltC9BRDRvMfD2N66nlISJACq8591bj,litecoin
Hunter Avallone,LlxEUHzEwaQKdqNCJgwSRlZ9EYt,litecoin
The Still Report,3CgPY3eu5N7ySoM3X6NjgEAN2w4v,litecoin
The Still Report,LAAGYVNrdBBMDXSUsEtCTZ93azLtftDug,litecoin
The Still Report,MYgpzFq4d6b16hzvXiphTU96dkm,litecoin
The Still Report,MULErP3EbeqG5c3RvJ8856z2BMhdu,litecoin
The Still Report,mMcWc7SVC47CzAuG8CQ3s6cXTYWfGwW,litecoin
Roosh V,LL5XXBi5kuWNTd9Hhn33UY4Fp4FtknFkWi,litecoin
